player_id,date_of_birth,city_of_birth,state_of_birth
25475,"July 9, 1957",Pennville,Indiana
24768,"November 6, 1981",San Marcos,Texas
25818,"January 8, 1991",Princeton,Kentucky
24182,"August 2, 1956",Brooklyn,New York
24270,"September 15, 1980",Brooklyn,New York
24868,"January 9, 1984",Charlotte,North Carolina
24834,"May 1, 1959",Atlanta,Georgia
24846,"March 14, 1969",Morganfield,Kentucky
23734,"May 21, 1957",Dublin,Georgia
23867,"May 18, 1956",Cleveland,Ohio
23882,"March 19, 1957",Baltimore,Maryland
24014,"July 30, 1957",Lodi,California
24096,"October 21, 1956",West Covina,California
24106,"December 20, 1955",Trenton,New Jersey
24113,"September 12, 1951",Pittsburg,California
24129,"January 4, 1957",Toledo,Ohio
24136,"July 11, 1956",Johnstown,Pennsylvania
24189,"June 10, 1957",Saginaw,Michigan
24197,"December 6, 1957",Tulare,California
24210,"June 27, 1957",Gary,Indiana
24263,"July 29, 1956",Royal Oak,Michigan
24329,"November 11, 1955",Port Arthur,Texas
24333,"April 19, 1955",Goldsboro,North Carolina
24430,"October 12, 1957",East Orange,New Jersey
24537,"May 27, 1957",Lynwood,California
24568,"July 20, 1957",Los Angeles,California
24643,"January 16, 1956",Richmond,Virginia
24643,"December 9, 1987",Richmond,Virginia
24667,"April 25, 1957",Birmingham,Alabama
24687,"December 6, 1956",Billings,Montana
24717,"December 13, 1956",Canton,Ohio
24740,"November 8, 1957",Brooklyn,New York
24797,"February 10, 1954",Bells,Tennessee
24825,"September 7, 1957",Corpus Christi,Texas
24858,"September 1, 1956",Brooklyn,New York
24889,"July 9, 1953",McGhee,Arkansas
24923,"September 17, 1957",Panama City,Florida
24938,"August 8, 1951",New York,New York
24939,"May 16, 1956",Bastrop,Louisiana
24949,"February 14, 1957",Birmingham,Alabama
24974,"October 2, 1956",Fulda,Minnesota
25020,"May 27, 1957",Muncie,Indiana
25092,"June 6, 1957",New York,New York
25116,"July 21, 1956",Cleveland,Ohio
25272,"January 3, 1957",Spokane,Washington
25273,"September 21, 1957",Little Rock,Arkansas
25352,"January 8, 1957",Monroe,Louisiana
25389,"February 18, 1957",Jackson,Mississippi
25484,"September 15, 1957",Montgomery,Alabama
25487,"October 2, 1951",Wilmington,North Carolina
25619,"August 7, 1956",Seattle,Washington
25647,"March 13, 1960",Oakland,California
25853,"June 28, 1957",Jersey City,New Jersey
26005,"July 14, 1956",Yonkers,New York
26198,"August 2, 1956",Demopolis,Alabama
26236,"January 26, 1958",New Haven,Connecticut
26244,"August 7, 1955",Gastonia,North Carolina
26312,"October 1, 1957",New Orleans,Louisiana
23659,"September 12, 1958",Los Angeles,California
23824,"November 12, 1957",Baltimore,Maryland
23903,"August 29, 1958",New York,New York
23911,"August 17, 1958",Philadelphia,Pennsylvania
23937,"August 20, 1958",Madison County,Mississippi
24008,"June 11, 1958",Springfield,Ohio
24011,"October 10, 1957",New York,New York
24071,"April 14, 1954",Sandersville,Georgia
24072,"November 28, 1958",Christopher,Illinois
24095,"August 6, 1958",Los Angeles,California
24143,"September 3, 1957",Detroit,Michigan
24183,"July 26, 1958",Warren,Ohio
24235,"August 16, 1957",Heacham,United Kingdom
24254,"April 2, 1958",Kansas City,Kansas
24254,"March 5, 1990",Kansas City,Kansas
24258,"April 20, 1954",La Mesa,California
24274,"October 30, 1958",Washington,District of Columbia
24412,"September 4, 1958",Detroit,Michigan
24436,"July 11, 1956",Parsons,Tennessee
24476,"August 3, 1959",Monroe,Connecticut
24545,"June 16, 1958",Louisville,Kentucky
24582,"December 6, 1957",Middletown,Ohio
24588,"May 25, 1957",Detroit,Michigan
24593,"December 9, 1957",Chicago,Illinois
24700,"January 8, 1957",Montgomery,Alabama
24779,"January 17, 1958",Brooklyn,New York
24847,"June 16, 1957",Plummerville,Arkansas
24852,"June 25, 1957",Atlanta,Georgia
24882,"June 17, 1956",Fort Rucker,Alabama
24905,"February 19, 1956",Perry,Alabama
24918,"February 2, 1959",Wilmington,North Carolina
24943,"May 22, 1958",Perth Amboy,New Jersey
24976,"January 4, 1957",Neenah,Wisconsin
24990,"May 19, 1957",Boston,Massachusetts
25015,"December 8, 1952",Lake Charles,Louisiana
25039,"January 1, 1959",Canton,Mississippi
25100,"April 9, 1957",Fort Wayne,Indiana
25109,"September 21, 1958",Hartford,Connecticut
25152,"August 24, 1959",Sarasota,Florida
25160,"October 17, 1957",Detroit,Michigan
25179,"June 22, 1957",Birmingham,Alabama
25246,"April 26, 1958",Milwaukee,Wisconsin
25283,"March 3, 1958",Altoona,Pennsylvania
25284,"May 5, 1957",Plymouth,South Carolina
25353,"October 5, 1958",Monroe,Louisiana
25376,"October 6, 1958",Chicago,Illinois
25377,"March 31, 1955",Los Angeles,California
25403,"February 7, 1958",Jersey City,New Jersey
25422,"July 4, 1957",Chicago,Illinois
25431,"May 7, 1958",Cincinnati,Ohio
25467,"November 19, 1954",Macon,Georgia
25560,"January 5, 1957",Bronx,New York
25589,"March 1, 1958",Fort Ord,California
25590,"May 3, 1958",Toledo,Ohio
25596,"July 27, 1957",New Orleans,Louisiana
25605,"September 10, 1957",New York,New York
25660,"April 19, 1958",Greensboro,North Carolina
25668,"November 13, 1958",South Gate,California
25728,"December 28, 1958",Dallas,Texas
25766,"May 1, 1957",Washington,District of Columbia
25775,"November 29, 1956",Martinsville,Indiana
25830,"January 18, 1958",Rolling Fork,Mississippi
25855,"June 12, 1958",Suffolk,Virginia
25904,"October 29, 1957",New Albany,Mississippi
25950,"June 22, 1956",Lexington,North Carolina
26002,"November 23, 1957",Birmingham,Alabama
26048,"November 27, 1957",Norfolk,Virginia
26052,"August 1, 1958",Wiesbaden,Germany
26080,"December 25, 1955",Hollywood,California
26172,"June 22, 1957",Brooklyn,New York
26179,"October 16, 1957",Long Beach,California
26181,"April 1, 1958",Berkeley,California
26186,"March 9, 1955",Chicago,Illinois
26274,"March 24, 1958",Indianapolis,Indiana
26278,"January 17, 1958",Brooklyn,New York
23632,"December 10, 1959",Chicago,Illinois
23634,"March 17, 1959",Eugene,Oregon
23733,"April 23, 1958",Birmingham,Alabama
23746,"May 15, 1959",Philadelphia,Pennsylvania
23826,"February 26, 1959",Panama City,Panama
23843,"September 23, 1958",Valdosta,Georgia
23879,"October 30, 1959",Utica,Mississippi
23881,"May 16, 1959",Havre De Grace,Maryland
23893,"September 24, 1958",Harvey,Illinois
23905,"February 24, 1958",Ardmore,Pennsylvania
23959,"May 22, 1958",Indianapolis,Indiana
23963,"July 3, 1958",Dallas,Texas
24020,"August 17, 1958",Huntsville,Alabama
24029,"June 21, 1959",Ogden,Utah
24103,"September 1, 1957",Houston,Texas
24172,"October 5, 1958",New York,New York
24213,"October 18, 1958",King,North Carolina
24226,"October 15, 1958",Hollywood,Florida
24243,"June 12, 1956",Town Creek,Alabama
24277,"June 11, 1959",Lakewood,California
24295,"February 2, 1959",New York,New York
24548,"October 30, 1958",Reykjavik,Iceland
24556,"June 25, 1955",Sanford,Florida
24631,"August 2, 1955",American Falls,Idaho
24780,"April 21, 1959",Rockville,Maryland
24828,"July 18, 1956",Monticello,Florida
24837,"November 23, 1958",Weirsdale,Florida
24855,"November 3, 1957",Clairton,Pennsylvania
24944,"December 17, 1959",Brooklyn,New York
24993,"March 9, 1959",Minneapolis,Minnesota
25030,"May 1, 1955",Boston,Massachusetts
25057,"October 1, 1958",Dallas,Texas
25061,"February 22, 1959",Philadelphia,Pennsylvania
25065,"March 15, 1959",Cassopolis,Michigan
25096,"February 19, 1958",Louisville,Kentucky
25186,"October 5, 1956",Lima,Ohio
25193,"November 13, 1959",Memphis,Tennessee
25198,"July 29, 1959",Tyler,Texas
25205,"January 8, 1959",St. Paul,Minnesota
25348,"February 12, 1959",Anderson,South Carolina
25348,"January 1, 1993",Anderson,South Carolina
25378,"March 13, 1958",Milwaukee,Wisconsin
25574,"July 5, 1959",Tacoma,Washington
25579,"December 24, 1956",Ocala,Florida
25581,"February 25, 1958",Cupertino,California
25693,"December 16, 1958",Bayshore,New York
25729,"May 10, 1959",Syracuse,New York
25824,"April 12, 1958",Cleveland,Ohio
25862,"September 8, 1959",Cheverly,Maryland
25999,"September 10, 1958",Anderson,Indiana
26014,"February 16, 1959",Glen Ridge,New Jersey
26026,"June 10, 1959",Knoxville,Tennessee
26046,"February 3, 1959",Chicago,Illinois
26064,"February 15, 1959",Hanford,California
26069,"June 10, 1959",Kalamazoo,Michigan
26077,"October 29, 1958",Salt Lake City,Utah
26193,"March 8, 1960",Rocky Mount,North Carolina
26203,"February 16, 1958",Columbus,Ohio
26262,"July 3, 1959",Elizabeth,New Jersey
26266,"June 2, 1958",Gray,Georgia
26269,"May 20, 1959",Southhampton,New York
26275,"December 16, 1959",Bernice,Louisiana
26297,"October 3, 1958",Euclid,Ohio
23673,"December 28, 1960",Dayton,Ohio
23683,"November 19, 1960",San Pedro,California
23732,"April 23, 1960",Bridgeport,Connecticut
23775,"March 26, 1956",Baltimore,Maryland
24090,"September 17, 1959",Memphis,Tennessee
24118,"December 29, 1955",Philadelphia,Pennsylvania
24137,"March 15, 1961",Chicago,Illinois
24152,"January 22, 1961",Baltimore,Maryland
24282,"January 24, 1957",Westminster,California
24283,"February 8, 1959",Louisville,Kentucky
24289,"September 28, 1960",Gulfport,Mississippi
24318,"March 1, 1959",Stillwater,Minnesota
24375,"June 13, 1957",Rochester,New York
24376,"March 6, 1960",Gastonia,North Carolina
24433,"April 22, 1960",East St. Louis,Illinois
24540,"April 28, 1961",Sacramento,California
24623,"June 3, 1960",Independence,Kansas
24665,"January 31, 1960",Monroe,Louisiana
24682,"June 27, 1960",Park Forest,Illinois
24741,"September 15, 1956",Jamaica,New York
24862,"September 20, 1960",New Canaan,Connecticut
24884,"September 1, 1959",Buffalo,New York
24921,"July 2, 1961",Cleveland,Ohio
24968,"June 12, 1960",Warren,Michigan
25042,"August 18, 1960",Pine Bluff,Arkansas
25044,"January 4, 1961",San Diego,California
25056,"June 10, 1958",Eau Claire,Wisconsin
25106,"November 24, 1959",South Bend,Indiana
25215,"June 8, 1959",San Jose,California
25289,"August 23, 1960",Virginia Beach,Virginia
25358,"February 19, 1960",Pittsburg,Kansas
25367,"June 13, 1959",Cortez,Colorado
25387,"December 18, 1960",Jackson,Mississippi
25509,"September 29, 1961",Birmingham,Alabama
25513,"August 19, 1959",Dallas,Texas
25520,"March 23, 1958",Rocky Mount,North Carolina
25552,"December 24, 1958",Richmond,Virginia
25657,"March 13, 1960",Birmingham,Alabama
25700,"October 26, 1960",Pontiac,Michigan
25700,"October 6, 1982",Pontiac,Michigan
25717,"May 7, 1960",Vidalia,Louisiana
25734,"April 16, 1960",Trenton,Illinois
25769,"September 13, 1959",Richmond,Virginia
25800,"September 9, 1960",Los Angeles,California
25875,"November 7, 1959",Chapel Hill,North Carolina
25934,"January 1, 1960",Blytheville,Arkansas
25942,"September 11, 1960",Lexington,Kentucky
25943,"April 10, 1960",Broaddus,Texas
25955,"April 12, 1960",St. Louis,Missouri
25978,"February 5, 1960",Middletown,Connecticut
25984,"June 23, 1961",Cincinnati,Ohio
25995,"February 23, 1960",Dallas,Texas
26009,"November 30, 1959",Richmond,Virginia
26021,"December 20, 1959",Tarboro,North Carolina
26112,"July 22, 1959",Moses Lake,Washington
26163,"August 16, 1959",Tuskegee,Alabama
26228,"March 12, 1957",Buffalo,New York
26229,"May 5, 1961",Weirton,West Virginia
26320,"December 20, 1953",Uxbridge,Canada
23721,"July 15, 1961",Los Angeles,California
23735,"April 7, 1961",Washington,District of Columbia
23896,"October 11, 1960",Lake City,Minnesota
23948,"July 14, 1959",Madrid,Spain
24009,"October 26, 1961",Baton Rouge,Louisiana
24049,"August 10, 1960",Somerville,Tennessee
24085,"January 1, 1961",Oklahoma City,Oklahoma
24132,"September 5, 1961",Chicago,Illinois
24195,"November 30, 1960",Des Moines,Iowa
24300,"August 11, 1961",Lubbock,Texas
24308,"August 6, 1960",Marietta,Georgia
24392,"October 10, 1960",Birmingham,Alabama
24440,"June 6, 1959",Bridgeport,Connecticut
24461,"October 27, 1960",Williamsburg County,South Carolina
24502,"October 27, 1961",Montreal,Canada
24532,"January 4, 1961",New York,New York
24579,"January 18, 1961",Des Moines,Iowa
24591,"October 13, 1961",Elberton,Georgia
24677,"May 2, 1961",Trenton,New Jersey
24871,"April 3, 1957",McGehee,Arkansas
24871,"January 12, 1962",McGehee,Arkansas
24871,"July 17, 1975",McGehee,Arkansas
24891,"April 10, 1961",McGhee,Arkansas
24891,"May 25, 1975",McGhee,Arkansas
24956,"August 5, 1961",Houston,Texas
24979,"February 3, 1961",Bristol,Connecticut
25063,"September 14, 1960",Thomaston,Georgia
25078,"January 21, 1960",Washington,District of Columbia
25113,"June 28, 1961",Mobile,Alabama
25119,"September 22, 1960",Salt Lake City,Utah
25183,"August 29, 1961",Mount Vernon,New York
25184,"February 8, 1960",Mount Vernon,New York
25232,"March 24, 1960",Houston,Texas
25243,"July 9, 1956",Louisville,Kentucky
25476,"September 29, 1960",Dayton,Ohio
25517,"February 19, 1961",Hartford,Connecticut
25518,"October 17, 1960",West Chester,Pennsylvania
25594,"March 20, 1960",Toronto,Canada
25635,"October 13, 1961",Chicago,Illinois
25640,"August 14, 1960",Provo,Utah
25740,"March 28, 1961",Ogden,Utah
25882,"November 17, 1960",St. Louis,Missouri
25910,"July 2, 1961",Sioux Falls,South Dakota
25912,"August 9, 1961",Los Angeles,California
25966,"October 19, 1960",Lakeland,Florida
25986,"May 25, 1961",Smyrna,Tennessee
25994,"September 10, 1961",Atlanta,Georgia
26090,"January 8, 1961",Columbus,Ohio
26092,"March 9, 1961",Chicago,Illinois
26135,"October 28, 1960",Orefield,Pennsylvania
26148,"November 5, 1960",Petersburg,Virginia
26151,"August 11, 1962",Birmingham,Alabama
26175,"September 28, 1959",Lenoir County,North Carolina
26214,"September 11, 1961",New York,New York
26247,"September 15, 1959",Memphis,Tennessee
26261,"October 28, 1959",Indianapolis,Indiana
23642,"February 26, 1959",Litchfield,Connecticut
23684,"October 15, 1958",Chicago,Illinois
23748,"April 1, 1960",Baltimore,Maryland
23828,"March 27, 1963",Chicago,Illinois
23873,"March 17, 1961",Lebanon,Pennsylvania
23901,"August 14, 1959",Bayville,New York
23941,"July 29, 1960",Chicago,Illinois
23968,"November 5, 1962",New York,New York
23982,"January 28, 1962",West Memphis,Arkansas
23992,"May 7, 1962",Teaneck,New Jersey
23998,"October 27, 1959",Ogdensburg,New York
24000,"July 23, 1961",Oklahoma City,Oklahoma
24024,"April 30, 1959",Beaumont,Texas
24084,"July 24, 1962",Phoenix,Arizona
24276,"October 20, 1960",Provo,Utah
24288,"May 24, 1962",Heidelburg,Germany
24365,"February 9, 1962",Iowa City,Iowa
24373,"February 4, 1962",New York,New York
24489,"June 24, 1962",Jackson,Mississippi
24512,"January 5, 1962",Scarsdale,New York
24517,"May 27, 1963",Panama Canal Zone,Panama
24692,"August 4, 1961",Seattle,Washington
24729,"October 17, 1962",Los Angeles,California
24774,"October 26, 1962",Los Angeles,California
24880,"January 13, 1961",Oak Hill,West Virginia
24892,"November 20, 1960",Long Beach,California
24930,"June 26, 1962",Clarksville,Virginia
25180,"March 10, 1962",Detroit,Michigan
25323,"June 26, 1962",Meriden,Connecticut
25494,"June 14, 1961",Brooklyn,New York
25502,"February 22, 1962",Minneapolis,Minnesota
25527,"February 21, 1962",Highland Park,Michigan
25534,"April 15, 1962",Newport News,Virginia
25643,"July 22, 1962",Barberton,Ohio
25719,"November 17, 1960",Kingston,Jamaica
25555,"July 14, 1963",Bronx,New York
25731,"October 27, 1954",St. Joseph,Michigan
25737,"April 19, 1960",Waterloo,New York
25758,"March 11, 1962",Pensacola,Florida
25795,"July 3, 1962",McMinnville,Oregon
25804,"February 18, 1962",Washington,District of Columbia
25865,"February 27, 1961",Wilmington,Delaware
25954,"October 3, 1961",Los Angeles,California
25975,"August 30, 1962",Phoenix,Arizona
25993,"August 5, 1962",Boynton Beach,Florida
26029,"April 9, 1962",Bangor,Maine
26033,"December 28, 1960",Lexington,Kentucky
26166,"August 20, 1962",Memphis,Tennessee
26187,"March 18, 1960",Pocatello,Idaho
26202,"July 1, 1960",Mount Vernon,New York
26242,"September 6, 1962",New York,New York
26249,"October 26, 1961",Alexandria,Virginia
26270,"March 25, 1962",Columbia,South Carolina
26298,"July 26, 1962",Raleigh,North Carolina
26302,"January 2, 1961",Houston,Texas
23625,"January 19, 1963",Hartford,Connecticut
23773,"November 9, 1962",Washington,District of Columbia
23798,"November 22, 1964",Monroe,Louisiana
23823,"March 26, 1962",Munich,Germany
23851,"October 16, 1962",Gogrial,South Sudan
23902,"June 21, 1963",Clearwater,Florida
24018,"August 22, 1963",Houston,Mississippi
24034,"November 25, 1963",Brooklyn,New York
24063,"January 4, 1962",Ypsilanti,Michigan
24100,"September 27, 1963",Sacramento,California
24108,"December 31, 1962",Columbia,South Carolina
24125,"April 14, 1958",Montreal,Canada
24131,"September 1, 1961",Chicago,Illinois
24528,"September 19, 1959",Newman,Georgia
24529,"October 11, 1964",Newman,Georgia
24539,"December 26, 1958",Washington,District of Columbia
24609,"October 15, 1963",Kansas City,Missouri
24645,"October 5, 1959",Los Angeles,California
24648,"August 16, 1960",Hollis,Oklahoma
24844,"November 7, 1962",Tuskegee,Alabama
24844,"February 1, 1978",Tuskegee,Alabama
24909,"October 31, 1957",Cap-Haitian,Haiti
24920,"September 18, 1963",New Orleans,Louisiana
24959,"January 4, 1962",Colorado Springs,Colorado
24967,"May 17, 1963",Cedar Rapids,Iowa
25027,"December 28, 1962",West Memphis,Arkansas
25133,"August 16, 1962",Washington,District of Columbia
25135,"August 18, 1962",Fort Smith,Arkansas
25174,"February 7, 1963",Worcester,Massachusetts
25188,"June 4, 1963",Columbia,South Carolina
25191,"July 20, 1962",Torrance,California
25217,"July 15, 1961",Fresno,California
25259,"January 17, 1961",Lexington,Kentucky
25305,"November 11, 1958",Tucson,Arizona
25409,"December 18, 1963",Cleveland,Ohio
25508,"October 3, 1961",Vicksburg,Mississippi
25515,"March 27, 1963",Bronx,New York
25539,"April 8, 1963",Milwaukee,Wisconsin
25591,"November 13, 1962",Auburn,Washington
25614,"December 23, 1962",Brooklyn,New York
25681,"June 21, 1959",Brookhaven,New York
25735,"January 21, 1963",Leverkusen,Germany
25745,"December 4, 1962",Brooklyn,New York
25845,"August 31, 1962",Welland,Canada
25884,"November 29, 1962",Lincoln,Nebraska
25889,"August 5, 1963",New Haven,Connecticut
25990,"July 10, 1962",Los Angeles,California
25997,"June 9, 1964",Tulsa,Oklahoma
26003,"April 13, 1962",Columbus,Mississippi
26053,"April 13, 1963",San Mateo,California
26070,"May 18, 1963",Lansing,Michigan
26129,"July 13, 1963",Dallas,Texas
26140,"April 26, 1963",Montreal,Canada
26185,"September 11, 1963",Atlanta,Georgia
26225,"March 10, 1965",Harbor City,California
26259,"October 12, 1962",Chicago,Illinois
23627,"July 22, 1964",Jersey City,New Jersey
23638,"December 11, 1963",Phoenix,Arizona
23788,"December 14, 1963",Memphis,Tennessee
23809,"May 14, 1964",New York,New York
23817,"March 26, 1961",Rochester,New York
23890,"November 17, 1963",Washington,District of Columbia
23932,"July 19, 1963",Newark,New Jersey
24066,"November 14, 1961",Minneapolis,Minnesota
24145,"June 25, 1964",Harrisonburg,Virginia
24163,"October 19, 1965",Black Mountain,North Carolina
24188,"September 28, 1963",Washington,District of Columbia
24242,"April 9, 1964",Quincy,Illinois
24251,"November 7, 1962",Wichita,Kansas
24260,"April 1, 1964",Harvey,Illinois
24351,"June 8, 1962",Butler,Pennsylvania
24446,"May 23, 1964",Wilmington,North Carolina
24481,"January 19, 1963",Boulder,Colorado
24594,"January 20, 1964",Dayton,Ohio
24640,"October 3, 1965",Marietta,Georgia
24640,"March 11, 1975",Marietta,Georgia
24646,"March 22, 1964",Baltimore,Maryland
24649,"July 21, 1963",Claremont,California
24703,"May 3, 1963",Elmhurst,Illinois
24772,"May 6, 1964",Hamburg,Arkansas
24823,"January 3, 1964",Birmingham,Alabama
24854,"November 4, 1962",Clairton,Pennsylvania
24865,"September 13, 1962",Washington,District of Columbia
24925,"January 25, 1964",Jamaica,New York
24955,"January 30, 1964",Cape Coral,Florida
24978,"September 23, 1964",Missoula,Montana
24995,"July 2, 1960",Harrisburg,Pennsylvania
25144,"July 2, 1964",Liberty,New York
25206,"February 16, 1963",Camden,New Jersey
25214,"August 3, 1964",Raleigh,North Carolina
25219,"January 18, 1962",Paris,France
25338,"September 15, 1963",Mobile,Alabama
25371,"November 28, 1963",Danville,Virginia
25395,"March 25, 1963",Little Rock,Arkansas
25499,"June 27, 1964",Brantley,Alabama
25530,"March 2, 1963",Los Angeles,California
25558,"February 15, 1964",Bartlesville,Oklahoma
25665,"December 30, 1963",Fullerton,California
25679,"April 23, 1962",New Brighton,Pennsylvania
25704,"May 16, 1964",Brooklyn,New York
25752,"December 17, 1962",Warrensville Heights,Ohio
25794,"October 29, 1961",Memphis,Tennessee
25797,"March 5, 1964",LaPorte,Indiana
25812,"January 19, 1964",Cleveland,Ohio
25827,"March 9, 1964",Queens,New York
25836,"January 30, 1964",Jacksonville,Florida
25927,"November 28, 1964",New York,New York
25976,"December 1, 1963",Camden,New Jersey
26025,"December 13, 1964",Memphis,Tennessee
26095,"August 18, 1964",Roberta,Georgia
26114,"May 13, 1965",Hickory,North Carolina
26118,"January 6, 1964",Brooklyn,New York
26210,"October 26, 1966",New Haven,Connecticut
26254,"December 15, 1963",Baltimore,Maryland
26282,"March 26, 1962",Hollywood,California
26304,"August 4, 1963",Baltimore,Maryland
23621,"November 15, 1962",Inglewood,California
23649,"November 23, 1964",Franklin,Indiana
23675,"June 22, 1964",Houston,Texas
23705,"July 20, 1965",Rochester,New York
23714,"February 28, 1966",Memphis,Tennessee
23830,"February 15, 1965",Philadelphia,Pennsylvania
23848,"January 9, 1965",Baltimore,Maryland
24068,"September 27, 1961",Jacksonville,Florida
24086,"August 17, 1964",Philadelphia,Pennsylvania
24127,"June 20, 1965",Bakersfield,California
24236,"May 30, 1965",Rockville Centre,New York
24261,"February 22, 1965",Harrisburg,Pennsylvania
24345,"September 23, 1964",Dothan,Alabama
24402,"April 26, 1965",Gary,Indiana
24423,"November 13, 1965",Springfield,Illinois
24431,"December 19, 1964",Gary,Indiana
24468,"May 28, 1964",Pittsburgh,Pennsylvania
24507,"July 4, 1965",Augusta,Georgia
24641,"July 21, 1964",Henderson,North Carolina
24697,"March 13, 1964",Omaha,Nebraska
24698,"April 22, 1965",Toledo,Ohio
24724,"May 26, 1960",Greenville,Mississippi
24770,"April 1, 1965",Brooklyn,New York
24771,"July 13, 1964",Washington,District of Columbia
24842,"June 24, 1965",Cincinnati,Ohio
24845,"March 4, 1966",Tuskegee,Alabama
24966,"March 24, 1964",Omaha,Nebraska
25048,"March 28, 1963",Philadelphia,Pennsylvania
25050,"November 21, 1965",Baltimore,Maryland
25066,"September 29, 1964",New Ulm,Minnesota
25207,"October 10, 1966",Meridian,Mississippi
25281,"July 2, 1964",Chicago,Illinois
25286,"January 16, 1962",New York,New York
25325,"July 29, 1964",Dover,Delaware
25326,"December 24, 1963",Long Beach,California
25364,"February 16, 1965",Columbus,Ohio
25386,"September 5, 1964",Chicago,Illinois
25532,"November 21, 1964",Port-au-Prince,Haiti
25610,"February 16, 1964",Riviera Beach,Florida
25678,"June 3, 1963",Cleveland,Ohio
25682,"October 23, 1965",Newark,New Jersey
25828,"March 8, 1965",Queens,New York
25901,"July 24, 1958",Bremerton,Washington
26085,"October 15, 1965",Torrance,California
26088,"February 20, 1963",Camden,New Jersey
26102,"November 20, 1964",South Boston,Virginia
26116,"August 31, 1964",Eschwege,Germany
26138,"January 2, 1964",Delmenhorst,Germany
26153,"October 27, 1959",Neptune,New Jersey
26157,"December 30, 1965",San Francisco,California
26165,"February 15, 1965",Charlotte,North Carolina
26227,"March 5, 1964",Baltimore,Maryland
26227,"September 14, 1986",Baltimore,Maryland
26248,"February 25, 1964",Pineville,Louisiana
26250,"July 16, 1964",Louisville,Kentucky
26257,"July 26, 1964",Houston,Texas
26263,"December 17, 1964",Kohler,Wisconsin
26313,"April 13, 1964",Seattle,Washington
23655,"January 26, 1965",Milton,Florida
23681,"March 23, 1966",Philadelphia,Pennsylvania
23687,"January 8, 1967",Greenville,South Carolina
23808,"October 6, 1964",Lansing,Michigan
23872,"November 9, 1963",Tulsa,Oklahoma
23912,"July 31, 1965",French Camp,California
23946,"April 25, 1965",Glen Ridge,New Jersey
23970,"March 11, 1966",Inglewood,California
24030,"April 5, 1964",Everett,Washington
24033,"October 5, 1967",Bowling Green,Kentucky
24037,"July 3, 1967",New York,New York
24181,"June 8, 1963",Chesapeake,Virginia
24181,"April 26, 1973",Chesapeake,Virginia
24209,"January 24, 1966",Mobile,Alabama
24279,"November 24, 1966",Baton Rouge,Louisiana
24298,"October 30, 1965",Cleveland Heights,Ohio
24319,"December 6, 1966",Rosemead,California
24360,"May 24, 1964",Curtiba,Brazil
24361,"February 28, 1965",Baltimore,Maryland
24405,"December 7, 1964",Los Angeles,California
24417,"June 1, 1965",Los Angeles,California
24439,"July 7, 1966",West Warwick,Rhode Island
24467,"September 19, 1965",Detroit,Michigan
24495,"May 5, 1965",Montgomery,Alabama
24500,"July 9, 1964",Los Angeles,California
24504,"April 21, 1965",Canton,Ohio
24506,"July 4, 1965",Augusta,Georgia
24518,"July 8, 1967",Millington,Tennessee
24519,"December 17, 1965",Flint,Michigan
24560,"January 27, 1964",Long Beach,California
24626,"September 29, 1966",Chicago,Illinois
24702,"January 19, 1966",LaRomana,Dominican Republic
24821,"March 25, 1965",New Orleans,Louisiana
24867,"March 18, 1966",Detroit,Michigan
24895,"April 6, 1966",Copaigue,New York
24929,"September 27, 1965",Beirut,Lebanon
24933,"April 19, 1966",Collins,Mississippi
24999,"December 4, 1966",Akron,Ohio
25000,"June 28, 1966",Pine Bluff,Arkansas
25022,"May 27, 1966",Inglewood,California
25037,"August 18, 1963",Niles,Illinois
25062,"May 22, 1966",Reedley,California
25068,"March 12, 1966",Wayne,Michigan
25110,"September 9, 1965",Traverse City,Michigan
25117,"May 17, 1966",Hattiesburg,Mississippi
25156,"September 12, 1965",Gainesville,Florida
25265,"July 26, 1966",Toledo,Ohio
25291,"January 20, 1966",Atlanta,Georgia
25304,"February 2, 1966",San Francisco,California
25356,"February 16, 1964",Muncie,Indiana
25432,"October 25, 1963",Albonito,Puerto Rico
25492,"August 29, 1965",Melbourne,Florida
25498,"June 4, 1965",Freehold,New Jersey
25536,"May 17, 1964",Kingston,Pennsylvania
25554,"May 30, 1964",Washington,District of Columbia
25632,"June 3, 1966",Carolina,Puerto Rico
25634,"January 20, 1965",Jersey City,New Jersey
25674,"December 27, 1964",Rochester,New York
25680,"January 4, 1961",Long Island,New York
25749,"May 10, 1965",Beirut,Lebanon
25759,"April 22, 1966",Kinston,North Carolina
25763,"July 31, 1964",Birmingham,Michigan
25764,"March 22, 1966",Oakland,California
25805,"September 21, 1964",Baton Rouge,Louisiana
25809,"July 16, 1965",Bridgeport,Connecticut
25809,"November 29, 1967",Bridgeport,Connecticut
25809,"August 22, 1975",Bridgeport,Connecticut
25844,"August 23, 1966",Eindhoven,Netherlands
25866,"August 10, 1965",Tulsa,Oklahoma
25871,"October 21, 1966",Evanston,Illinois
25900,"July 11, 1966",Jacksonville,Florida
25908,"November 11, 1965",Brooklyn,Illinois
25930,"November 30, 1965",Los Angeles,California
26000,"October 16, 1965",Long Beach,California
26042,"January 24, 1963",Chicago,Illinois
26180,"September 24, 1966",New Orleans,Louisiana
26221,"July 23, 1966",Seattle,Washington
26268,"November 30, 1964",Spokane,Washington
23682,"January 20, 1968",Chicago,Illinois
23690,"February 8, 1967",Birmingham,Alabama
23759,"April 13, 1967",Boston,Massachusetts
23774,"October 10, 1964",Aurora,Illinois
23804,"February 9, 1965",Louisville,Kentucky
23838,"March 20, 1967",Garland,Texas
23916,"February 29, 1968",New York,New York
23936,"July 5, 1965",Atlanta,Georgia
23942,"November 13, 1967",New Orleans,Louisiana
23949,"August 8, 1964",Oslo,Norway
23950,"March 17, 1966",London,United Kingdom
23985,"July 4, 1966",Falls County,Texas
24107,"July 16, 1965",Atlanta,Georgia
24186,"June 17, 1967",Danville,Virginia
24227,"June 15, 1967",Charlotte,North Carolina
24244,"September 15, 1966",Washington,District of Columbia
24248,"June 29, 1966",Baltimore,Maryland
24292,"October 31, 1965",Washington,District of Columbia
24296,"January 3, 1969",Seattle,Washington
24307,"February 2, 1968",Tucson,Arizona
24313,"April 3, 1967",Savannah,Georgia
24458,"March 28, 1963",Detroit,Michigan
24505,"August 29, 1966",Trenton,New Jersey
24555,"February 2, 1966",Terre Haute,Indiana
24573,"March 27, 1967",Fort Walton,Florida
24586,"September 1, 1966",Chicago,Illinois
24586,"March 16, 1992",Chicago,Illinois
24664,"February 17, 1967",Grand Island,Nebraska
24706,"December 17, 1967",Springfield,Illinois
24751,"December 2, 1966",LaGrange,Illinois
24763,"October 27, 1967",New Orleans,Louisiana
24835,"February 7, 1966",Brooklyn,New York
24861,"December 18, 1966",Birmingham,Alabama
24924,"November 26, 1969",Elkhart,Indiana
24942,"April 24, 1966",Tuscaloosa,Alabama
24951,"January 29, 1967",Lawton,Oklahoma
24970,"January 27, 1967",Lexington,Kentucky
25021,"October 5, 1966",Carlisle,Pennsylvania
25031,"December 26, 1966",Washington,District of Columbia
25034,"February 16, 1967",Belleville,Illinois
25040,"December 23, 1965",Pensacola,Florida
25052,"January 8, 1967",Walnut Creek,California
25121,"December 13, 1966",Flint,Michigan
25141,"January 14, 1967",Cherry Valley,Arkansas
25146,"December 14, 1966",Miami,Florida
25167,"April 22, 1964",Morristown,New Jersey
25168,"August 19, 1967",Chicago,Illinois
25176,"May 27, 1967",Daytona Beach,Florida
25209,"October 21, 1964",San Diego,California
25225,"January 4, 1964",Kankakee,Illinois
25264,"September 2, 1963",Columbus,Georgia
25300,"August 16, 1967",Washington,District of Columbia
25303,"May 18, 1967",Bronx,New York
25379,"February 11, 1967",Meridian,Mississippi
25479,"November 25, 1966",Laurel,Mississippi
25572,"May 30, 1966",Pullman,Washington
25617,"May 28, 1967",Jacksonville,Arkansas
25617,"January 1, 1991",Jacksonville,Arkansas
25625,"May 14, 1966",Philadelphia,Pennsylvania
25648,"December 16, 1966",Oakland,California
25677,"August 24, 1967",Knoxville,Tennessee
25684,"May 22, 1966",New Orleans,Louisiana
25689,"November 8, 1962",Halifax,North Carolina
25714,"January 14, 1966",Augusta,Georgia
25771,"March 24, 1963",Terre Haute,Indiana
25833,"May 19, 1965",Rochester,New York
25833,"March 28, 1972",Rochester,New York
25933,"October 3, 1967",Aurora,Illinois
25938,"May 2, 1966",Los Angeles,California
26146,"May 27, 1967",Altoona,Pennsylvania
26161,"November 4, 1967",Shreveport,Louisiana
26222,"August 14, 1963",Seattle,Washington
26276,"January 23, 1966",Charlotte,North Carolina
23615,"June 24, 1968",Cairo,Egypt
23616,"March 9, 1969",Wilmington,Delaware
23715,"December 15, 1967",Athens,Alabama
23729,"November 23, 1968",Kraljevo,Serbia
23744,"April 16, 1968",Worcester,Massachusetts
23835,"September 9, 1966",Del Rio,Texas
23855,"June 8, 1968",St. Louis,Missouri
23919,"November 29, 1968",Jacksonville,Florida
23919,"August 17, 1984",Jacksonville,Florida
23953,"June 19, 1968",San Diego,California
23955,"June 5, 1967",Des Moines,Iowa
23967,"May 26, 1968",Detroit,Michigan
23988,"December 12, 1966",Cincinnati,Ohio
23991,"July 23, 1968",Los Angeles,California
24022,"May 31, 1968",Queens Village,New York
24025,"August 2, 1969",Maui,Hawaii
24062,"September 2, 1965",Aurora,North Carolina
24067,"June 21, 1967",Mobile,Alabama
24069,"April 22, 1968",Covington,Virginia
24092,"March 19, 1967",Los Angeles,California
24192,"August 25, 1967",Kinston,North Carolina
24304,"November 26, 1963",New York,New York
24363,"October 17, 1966",Hyattsville,Maryland
24390,"October 3, 1968",Oakland,California
24456,"May 29, 1968",Newark,New Jersey
24466,"May 25, 1968",Chicago,Illinois
24472,"November 12, 1967",Greenwood,Mississippi
24478,"June 14, 1967",Fort Wayne,Indiana
24499,"October 4, 1960",Elkhart,Indiana
24612,"May 13, 1967",Monroe,Louisiana
24653,"February 2, 1968",Junction City,Kansas
24666,"December 30, 1968",Los Angeles,California
24674,"March 19, 1968",Cincinnati,Ohio
24783,"August 13, 1967",Clarksburg,West Virginia
24786,"July 29, 1965",Centreville,Alabama
24811,"June 24, 1967",Bowbells,North Dakota
24931,"January 13, 1967",Minneapolis,Minnesota
24941,"April 9, 1966",Philadelphia,Pennsylvania
24964,"March 6, 1967",Detroit,Michigan
25028,"June 3, 1967",Baltimore,Maryland
25051,"October 27, 1968",Chicago,Illinois
25064,"June 25, 1967",Nassau,Bahamas
25150,"July 31, 1967",Sussex,Virginia
25163,"June 19, 1968",Ocala,Florida
25254,"December 21, 1967",Romulus,Michigan
25319,"August 5, 1967",San Francisco,California
25335,"October 28, 1969",Whiteville,North Carolina
25408,"March 3, 1968",Bronx,New York
25414,"July 5, 1967",Lancaster,Ohio
25423,"June 1, 1968",Chicago,Illinois
25450,"April 21, 1965",Lafayette,Louisiana
25454,"October 23, 1968",Ithaca,New York
25563,"July 17, 1967",Bloomington,Indiana
25655,"January 11, 1968",Bossier City,Louisiana
25658,"November 13, 1966",Mandeville,Jamaica
25730,"September 3, 1967",Grand Rapids,Michigan
25733,"October 14, 1968",Brandon,Florida
25741,"September 5, 1968",Hagerstown,Maryland
25784,"November 14, 1968",Philadelphia,Pennsylvania
25859,"January 15, 1968",Louisville,Kentucky
25961,"January 2, 1966",Brooklyn,New York
26004,"January 19, 1966",Chicago,Illinois
26063,"February 27, 1968",Grand Rapids,Michigan
26208,"February 22, 1968",Ritter,South Carolina
26213,"June 9, 1969",New York,New York
26231,"March 21, 1968",Hacienda Heights,California
26251,"March 16, 1968",Los Angeles,California
26253,"September 3, 1966",Chestertown,Maryland
26288,"December 20, 1967",Louisville,Kentucky
23648,"August 31, 1969",Detroit,Michigan
23679,"October 9, 1970",Queens,New York
23695,"November 15, 1967",Las Vegas,Nevada
23717,"August 1, 1968",Pasadena,California
23720,"August 18, 1969",Gridley,California
23750,"April 5, 1968",Henderson,Kentucky
23805,"May 9, 1968",Lafayette,Louisiana
23892,"May 20, 1970",Portland,Oregon
23909,"October 12, 1969",Beaufort,South Carolina
23933,"November 3, 1969",McKees Rocks,Pennsylvania
23935,"May 22, 1968",Atlanta,Georgia
23987,"November 18, 1969",Flint,Michigan
24038,"September 14, 1968",Sumter,South Carolina
24088,"January 19, 1968",Bronx,New York
24104,"October 30, 1964",Robbinsdale,Minnesota
24109,"March 28, 1968",Coral Gables,Florida
24134,"April 13, 1969",Carrollton,Georgia
24173,"March 25, 1969",Toccoa,Georgia
24205,"April 6, 1969",Fresno,California
24287,"December 27, 1967",Milwaukee,Wisconsin
24311,"April 28, 1969",Far Rockaway,New York
24397,"July 24, 1969",Toronto,Canada
24445,"September 3, 1967",Elizabeth,New Jersey
24496,"November 28, 1967",Philadelphia,Pennsylvania
24531,"February 2, 1970",Santa Monica,California
24657,"December 14, 1966",Trinidad,Trinidad and Tobago
24680,"February 25, 1969",Washington,District of Columbia
24712,"October 19, 1967",Winston-Salem,North Carolina
24732,"January 16, 1965",Wichita Falls,Texas
24754,"January 22, 1968",Altoona,Pennsylvania
24950,"April 4, 1969",Lincoln,Nebraska
25026,"October 24, 1964",Washington,Illinois
25070,"January 19, 1969",Melbourne,Australia
25087,"December 24, 1968",Bloomington,Minnesota
25099,"April 14, 1969",Saginaw,Michigan
25159,"September 9, 1968",New Haven,Connecticut
25277,"April 16, 1968",Baltimore,Maryland
25287,"December 28, 1965",Oklahoma City,Oklahoma
25320,"June 14, 1968",Somerville,New Jersey
25425,"July 12, 1969",Menifee,Arkansas
25442,"May 1, 1969",Carlisle,Pennsylvania
25444,"May 31, 1969",San Francisco,California
25449,"February 3, 1969",New Orleans,Louisiana
25497,"March 28, 1969",Memphis,Tennessee
25510,"December 20, 1969",Baton Rouge,Louisiana
25583,"September 30, 1967",Edina,Minnesota
25642,"February 7, 1970",Hopkins,South Carolina
25829,"April 3, 1969",Rolling Fork,Mississippi
25839,"March 31, 1969",Highland Park,Michigan
25879,"September 21, 1968",Philadelphia,Pennsylvania
25902,"February 9, 1968",Los Angeles,California
25903,"May 10, 1968",Nansemond County,Virginia
25913,"December 3, 1967",Santa Cruz,California
25958,"October 3, 1969",Dayton,Ohio
25959,"October 3, 1969",Dayton,Ohio
25987,"December 2, 1968",Los Angeles,California
26030,"November 30, 1967",Washington,District of Columbia
23674,"May 26, 1970",Chicago,Illinois
23722,"October 18, 1969",Rocky Mount,North Carolina
23762,"July 25, 1969",Oakland,California
23803,"June 1, 1969",Green Bay,Wisconsin
23827,"June 27, 1970",Toms River,New Jersey
23836,"April 21, 1966",Miami,Florida
23853,"February 1, 1969",Chicago,Illinois
23989,"January 29, 1970",Eleuthra,Bahamas
24043,"May 9, 1970",Seattle,Washington
24102,"June 25, 1969",Benton Harbor,Michigan
24114,"October 17, 1969",Jackson,Mississippi
24133,"July 15, 1969",Orange,New Jersey
24157,"September 4, 1967",Brooklyn,New York
24178,"May 17, 1970",Winston-Salem,North Carolina
24193,"January 7, 1970",Decatur,Illinois
24275,"March 10, 1967",Dallas,Texas
24310,"May 5, 1970",East St. Louis,Illinois
24452,"September 10, 1969",Salem,Massachusetts
24530,"March 7, 1970",Pascagoula,Mississippi
24549,"December 19, 1969",Huntington Station,New York
24551,"August 18, 1969",Milwaukee,Wisconsin
24705,"August 25, 1970",Andalusia,Alabama
24710,"November 22, 1969",Watonga,Kansas
24716,"July 15, 1970",Dallas,Texas
24765,"October 14, 1970",Toledo,Ohio
24809,"November 2, 1968",Culpepper,Virginia
24831,"November 16, 1970",Morgan City,Louisiana
24904,"May 23, 1968",Baltimore,Maryland
24919,"February 22, 1970",Irvine,California
24987,"August 17, 1969",Angola,New York
25093,"May 26, 1970",Chicago,Illinois
25098,"January 16, 1970",Palo Alto,California
25154,"February 19, 1969",Chicago,Illinois
25158,"June 12, 1970",Tulsa,Oklahoma
25249,"April 6, 1970",Fort Worth,Texas
25257,"May 5, 1971",Inglewood,California
25293,"April 2, 1969",Richmond,Virginia
25332,"July 25, 1971",Los Angeles,California
25368,"June 11, 1967",Toledo,Ohio
25436,"March 16, 1969",Clovis,New Mexico
25440,"August 3, 1969",Philadelphia,Pennsylvania
25485,"November 25, 1969",Kansas City,Missouri
25557,"December 9, 1968",Shawnee,Oklahoma
25567,"June 23, 1966",DeQuincy,Louisiana
25670,"September 9, 1969",New York,New York
25747,"February 1, 1970",Bronx,New York
25811,"May 17, 1970",Bridgeport,Connecticut
25811,"October 13, 1987",Bridgeport,Connecticut
25837,"August 21, 1970",San Jose,California
25857,"July 20, 1964",Stockton,California
25858,"December 6, 1969",Atlanta,Georgia
25861,"September 8, 1970",Milwaukee,Wisconsin
25876,"January 17, 1963",Flint,Michigan
25883,"December 10, 1970",Emporia,Virginia
26126,"September 8, 1970",Crawford,Mississippi
26128,"May 9, 1970",Montgomery,Alabama
26142,"September 12, 1970",Sunnyside,New York
26195,"April 24, 1970",Twiggs,Georgia
26215,"July 15, 1969",Ocala,Florida
26273,"September 23, 1970",Philadelphia,Pennsylvania
23646,"November 1, 1969",Jacksonville,Florida
23741,"November 23, 1971",Lake Wales,Florida
23840,"January 4, 1969",Monrovia,California
23884,"March 22, 1972",Landstuhl,Germany
23964,"August 24, 1971",Baltimore,Maryland
23965,"January 12, 1971",New Haven,Connecticut
23973,"December 15, 1970",Memphis,Tennessee
24016,"November 18, 1969",Baltimore,Maryland
24035,"July 17, 1971",Evansville,Indiana
24148,"August 22, 1968",Anniston,Alabama
24168,"October 31, 1968",Oakland,California
24171,"June 21, 1970",Monaca,Pennsylvania
24200,"September 12, 1971",New York,New York
24211,"February 12, 1970",Long Beach,California
24280,"June 23, 1970",Peoria,Illinois
24291,"September 22, 1971",Middletown,Ohio
24294,"January 21, 1971",Miami,Florida
24309,"October 7, 1970",Atlanta,Georgia
24382,"October 31, 1971",Greenwood,Mississippi
24420,"May 30, 1969",Rockford,Illinois
24448,"July 24, 1965",Melbourne,Australia
24492,"August 20, 1967",Dallas,Texas
24493,"November 26, 1970",Indianapolis,Indiana
24510,"August 7, 1967",Salt Lake City,Utah
24572,"July 12, 1969",Didam,Netherlands
24584,"July 18, 1971",Memphis,Tennessee
24606,"December 18, 1970",Los Angeles,California
24618,"July 6, 1970",Pascagoula,Mississippi
24620,"September 19, 1970",Riverside,California
24650,"December 8, 1967",Dallas,Texas
24709,"April 20, 1971",Louisville,Kentucky
24734,"December 3, 1970",Utica,Mississippi
24739,"June 28, 1971",Jersey City,New Jersey
24777,"October 10, 1970",Tuskegee,Alabama
24810,"January 11, 1970",Orange,California
24836,"December 21, 1967",Brooklyn,New York
24894,"June 17, 1970",Dresden,Tennessee
24899,"August 21, 1970",Brooklyn,New York
24903,"January 26, 1968",Chicago,Illinois
24936,"September 9, 1970",Harpersville,Alabama
24945,"July 24, 1969",Newton Grove,North Carolina
25086,"September 3, 1970",Roanoke,Virginia
25095,"July 11, 1970",Chattanooga,Tennessee
25102,"April 18, 1969",Merced,California
25134,"October 7, 1969",Minneapolis,Minnesota
25145,"November 29, 1972",New York,New York
25223,"February 11, 1971",Cleveland,Tennessee
25252,"January 25, 1970",Los Angeles,California
25290,"April 22, 1969",Stevenson,Washington
25438,"April 13, 1971",San Antonio,Texas
25491,"October 15, 1970",Detroit,Michigan
25506,"January 25, 1969",Levice,Slovakia
25628,"March 12, 1971",Oakland,California
25631,"June 2, 1970",Cleveland,Ohio
25654,"August 31, 1970",Los Angeles,California
25666,"June 20, 1971",Durham,North Carolina
25697,"December 31, 1970",San Bernardino,California
25982,"February 7, 1971",Winston-Salem,North Carolina
26008,"May 15, 1970",Libby,Montana
26105,"March 12, 1970",Omaha,Nebraska
26130,"March 1, 1973",Detroit,Michigan
26141,"November 4, 1970",Minneapolis,Minnesota
26143,"November 14, 1970",San Antonio,Texas
26171,"October 5, 1971",Hopkinsville,Kentucky
26189,"October 2, 1971",Evanston,Illinois
26291,"September 22, 1971",Jersey City,New Jersey
23661,"August 20, 1972",Bronx,New York
23708,"June 22, 1968",Gastonia,North Carolina
23801,"February 13, 1970",Evanston,Illinois
23829,"February 25, 1968",Mount Kisco,New York
23894,"September 19, 1970",Baton Rouge,Louisiana
24041,"November 20, 1967",Bakersfield,California
24144,"May 29, 1972",Boston,Massachusetts
24161,"October 10, 1972",Kano,Nigeria
24268,"August 25, 1972",Chicago,Illinois
24301,"December 4, 1972",Detroit,Michigan
24369,"November 18, 1969",Washington,Iowa
24503,"March 5, 1972",Columbus,Ohio
24575,"November 3, 1971",Birmingham,Alabama
24590,"February 6, 1969",Gary,Indiana
24670,"October 5, 1972",Dallas,Texas
24711,"January 31, 1967",Durango,Colorado
24715,"February 7, 1973",Chicago,Illinois
24866,"December 3, 1971",Philadelphia,Pennsylvania
24881,"October 20, 1971",Fort Rucker,Alabama
24935,"March 23, 1973",San Francisco,California
25001,"May 15, 1972",Pine Bluff,Arkansas
25076,"July 27, 1972",Nashville,Tennessee
25130,"May 18, 1973",Reading,Pennsylvania
25138,"March 6, 1971",Denver,Colorado
25203,"July 30, 1972",Racine,Wisconsin
25208,"October 2, 1972",Philadelphia,Pennsylvania
25242,"October 22, 1971",Benton Harbor,Michigan
25260,"September 18, 1971",Sandersville,Georgia
25269,"February 1, 1970",Bronx,New York
25279,"September 23, 1971",Indianapolis,Indiana
25302,"August 8, 1971",Louisville,Kentucky
25330,"April 20, 1973",Pasadena,California
25369,"December 12, 1970",Sedalia,Missouri
25397,"May 1, 1971",Nkwere,Nigeria
25500,"March 28, 1971",Crenshaw,Alabama
25507,"July 31, 1972",Queens,New York
25511,"September 30, 1970",Steubenville,Ohio
25598,"December 14, 1967",New Orleans,Louisiana
25604,"July 15, 1972",Queens,New York
25652,"January 10, 1973",Gary,Indiana
25652,"January 8, 1994",Gary,Indiana
25664,"February 6, 1971",Detroit,Michigan
25672,"January 30, 1973",Detroit,Michigan
25685,"October 31, 1972",Bradenton,Florida
25692,"September 26, 1970",Buffalo,New York
25786,"April 6, 1972",Fort Washington,Maryland
25799,"August 27, 1970",Houston,Texas
25899,"July 14, 1970",Atlanta,Georgia
25918,"January 9, 1971",Brunswick,Georgia
25977,"July 19, 1970",Dallas,Texas
26019,"April 4, 1969",Washington,District of Columbia
26072,"January 28, 1971",Murfreesboro,North Carolina
26108,"October 12, 1970",Thomasville,Georgia
26122,"February 23, 1972",Elm City,North Carolina
26224,"October 8, 1971",Fredericksburg,Virginia
26255,"June 23, 1974",Albany,Georgia
26292,"January 30, 1973",Macon,Georgia
23644,"June 22, 1973",Waynesboro,Virginia
23651,"January 28, 1973",Philadelphia,Pennsylvania
23664,"November 26, 1970",Boston,Massachusetts
23665,"November 23, 1971",Oak Park,Illinois
23760,"December 31, 1971",Hempstead,New York
23787,"May 27, 1971",Memphis,Tennessee
23802,"August 1, 1973",Denton,Texas
23811,"July 12, 1972",Springfield,Massachusetts
23858,"August 20, 1972",Pascagoula,Mississippi
23875,"September 2, 1973",Chicago,Illinois
23887,"March 24, 1970",East Orange,New Jersey
23966,"January 18, 1973",Charlotte,North Carolina
23981,"June 12, 1973",Mobile,Alabama
24001,"March 12, 1974",Ironton,Missouri
24040,"September 21, 1972",Washington,District of Columbia
24048,"February 20, 1972",South Bend,Indiana
24057,"December 13, 1970",St. Thomas,U.S. Virgin Islands
24064,"October 28, 1971",Richland,Washington
24198,"February 1, 1973",Detroit,Michigan
24290,"February 14, 1973",Gardena,California
24367,"March 6, 1973",Melrose Park,Illinois
24385,"August 26, 1972",Baton Rouge,Louisiana
24479,"September 6, 1971",West Palm Beach,Florida
24570,"April 3, 1975",Chicago,Illinois
24637,"December 12, 1967",Jacksonville,Florida
24638,"December 2, 1972",Indianapolis,Indiana
24683,"October 15, 1972",Lincoln,Nebraska
24830,"October 26, 1965",Morgan City,Louisiana
24946,"June 6, 1972",Baxley,Georgia
24948,"August 9, 1973",Tulsa,Oklahoma
25033,"May 14, 1973",Detroit,Michigan
25045,"September 24, 1969",Washington,District of Columbia
25046,"April 28, 1975",Liberal,Kansas
25118,"June 23, 1970",Tacoma,Washington
25129,"July 17, 1972",Reading,Pennsylvania
25137,"September 23, 1971",St. Louis,Missouri
25187,"February 26, 1972",Tulsa,Oklahoma
25194,"September 7, 1974",Quitman,Mississippi
25231,"December 30, 1972",Emmetsburg,Iowa
25306,"March 25, 1972",Washington,District of Columbia
25317,"May 17, 1970",Iowa City,Iowa
25351,"January 21, 1972",Peoria,Illinois
25399,"August 14, 1972",Los Angeles,California
25435,"March 6, 1973",Dallas,Texas
25592,"April 17, 1973",Demopolis,Alabama
25603,"June 8, 1973",Fort Smith,Arkansas
25606,"December 30, 1973",Washington,District of Columbia
25611,"February 19, 1973",Bronx,New York
25613,"February 6, 1972",Detroit,Michigan
25663,"July 14, 1972",Atlantic City,New Jersey
25825,"July 26, 1975",Columbus,Mississippi
25847,"April 24, 1973",Canton,Ohio
25864,"November 5, 1974",Kinston,North Carolina
25894,"September 3, 1973",Portland,Oregon
25911,"March 25, 1973",Wilkes-Barre,Pennsylvania
25920,"April 11, 1973",Toledo,Ohio
25969,"October 4, 1972",Dallas,Texas
26012,"September 22, 1974",Columbus,Ohio
26060,"March 23, 1973",Nashville,Tennessee
26101,"September 17, 1974",Philadelphia,Pennsylvania
26132,"February 19, 1971",Pine Bluff,Arkansas
26170,"August 21, 1972",Aberdeen,Mississippi
26200,"July 17, 1972",Newark,New Jersey
26241,"December 4, 1973",Twiggs,Georgia
26315,"August 2, 1973",Zlin,Czech Republic
23618,"December 11, 1976",Marietta,Georgia
23656,"July 20, 1975",Milton,Florida
23686,"December 31, 1973",Atlanta,Georgia
23854,"April 27, 1970",Wilmington,Delaware
23870,"June 14, 1971",Merced,California
23930,"April 3, 1974",West Memphis,Arkansas
23990,"March 22, 1974",Hartford,Connecticut
24006,"November 4, 1969",El Paso,Texas
24154,"July 14, 1975",Jackson,Mississippi
24170,"December 26, 1972",Vero Beach,Florida
24176,"August 27, 1968",Philadelphia,Pennsylvania
24207,"January 28, 1974",Covington,Tennessee
24256,"October 12, 1973",Chicago,Illinois
24328,"September 13, 1973",Rockford,Illinois
24350,"July 3, 1974",Lexington,Ohio
24370,"August 9, 1974",Little Rock,Arkansas
24411,"July 25, 1974",Detroit,Michigan
24437,"November 27, 1966",Los Angeles,California
24450,"August 31, 1973",Trenton,New Jersey
24514,"May 31, 1972",Baltimore,Maryland
24516,"December 13, 1969",Bloomington,California
24562,"July 23, 1973",Saginaw,Michigan
24563,"November 13, 1973",Memphis,Tennessee
24601,"January 31, 1974",Jackson,Mississippi
24628,"October 28, 1972",Canton,Ohio
24647,"June 23, 1974",Mount Vernon,Washington
24957,"June 12, 1974",Dayton,Ohio
24965,"September 13, 1974",Salt Lake City,Utah
25010,"August 31, 1973",Chicago,Illinois
25058,"April 2, 1975",New Orleans,Louisiana
25115,"December 6, 1971",Silver Spring,Maryland
25122,"February 20, 1977",Brooklyn,New York
25171,"February 1, 1974",Evansville,Indiana
25172,"October 28, 1973",Maywood,Illinois
25204,"October 22, 1974",Charlotte,North Carolina
25350,"February 7, 1974",Johannesburg,South Africa
25362,"February 20, 1972",Bronx,New York
25375,"February 5, 1969",Osecola,Arkansas
25388,"July 27, 1973",Washington,District of Columbia
25446,"December 11, 1972",San Bernardino,California
25544,"March 21, 1975",Kiev,Ukraine
25646,"April 2, 1974",Columbus,Georgia
25667,"August 19, 1973",Durham,North Carolina
25673,"November 23, 1974",Philadelphia,Pennsylvania
25706,"December 30, 1970",Wheeling,West Virginia
25721,"January 13, 1974",Denton,Texas
25739,"June 15, 1971",Jackson,Michigan
25742,"June 6, 1972",Paterson,New Jersey
25744,"June 16, 1972",New York,New York
25841,"January 24, 1972",Highland Park,Michigan
25868,"March 27, 1970",Grand Rapids,Michigan
25872,"January 28, 1973",Riverside,California
25898,"November 25, 1973",Opelika,Alabama
25921,"February 1, 1968",Postville,Iowa
26091,"August 12, 1976",Long Island City,New York
26096,"February 25, 1976",Columbus,Ohio
26098,"September 10, 1974",White Hall,Alabama
26100,"February 9, 1974",Rochester,New York
26168,"April 25, 1969",Chicago,Illinois
26209,"May 10, 1973",Washington,District of Columbia
26290,"November 4, 1975",Newark,New Jersey
23617,"November 3, 1974",Maisons Alfort,France
23672,"July 18, 1974",Louisville,Kentucky
23761,"February 17, 1973",Oakland,California
23771,"February 11, 1976",Dallas,Texas
23816,"September 25, 1976",Denver,Colorado
23850,"May 29, 1973",San Bernardino,California
23862,"October 9, 1974",Baltimore,Maryland
23943,"June 14, 1972",Syracuse,New York
24019,"August 26, 1974",Atlanta,Georgia
24061,"April 3, 1976",Hartford,Connecticut
24073,"November 5, 1973",Jacksonville,Florida
24112,"December 14, 1975",Miles City,Montana
24121,"May 13, 1975",Kalamazoo,Michigan
24130,"May 1, 1975",Los Angeles,California
24141,"March 25, 1974",Augusta,Georgia
24155,"March 19, 1975",Columbus,Ohio
24269,"April 25, 1976",St. Croix,U.S. Virgin Islands
24346,"January 3, 1970",Los Angeles,California
24389,"March 27, 1976",Philadelphia,Pennsylvania
24399,"March 9, 1975",Canouan,Saint Vincent and the Grenadines
24414,"December 15, 1970",Columbus,Ohio
24432,"February 2, 1975",Memphis,Tennessee
24441,"September 24, 1974",Chicago,Illinois
24515,"September 27, 1975",Riverside,California
24546,"August 3, 1974",Peoria,Illinois
24581,"October 6, 1968",Charlotte,North Carolina
24693,"October 20, 1974",Shreveport,Louisiana
24719,"March 13, 1976",Carbondale,Illinois
24759,"March 13, 1973",East Spencer,North Carolina
24819,"October 2, 1974",Los Angeles,California
24878,"June 2, 1975",Nashville,Tennessee
24963,"November 8, 1975",Livingston,New Jersey
25008,"December 10, 1973",Winston-Salem,North Carolina
25016,"September 2, 1974",Philadelphia,Pennsylvania
25192,"February 13, 1969",Longview,Texas
25230,"May 18, 1976",Nashville,Tennessee
25385,"February 23, 1973",Dawson,Minnesota
25398,"February 22, 1975",Bellflower,California
25426,"December 27, 1972",Dallas,Texas
25460,"June 19, 1975",Naperville,Illinois
25531,"February 12, 1975",Murray,Utah
25535,"September 11, 1972",Omaha,Nebraska
25615,"September 24, 1973",Jersey City,New Jersey
25746,"August 26, 1975",Tulsa,Oklahoma
25761,"April 29, 1976",New York,New York
25878,"December 19, 1973",Brooklyn,New York
25880,"April 25, 1975",Cucq-Trepied-Stella-Plage,France
25888,"September 3, 1971",Syracuse,New York
25937,"June 4, 1974",Chattanooga,Tennessee
25939,"October 30, 1976",Detroit,Michigan
25967,"September 8, 1975",Canton,Georgia
25972,"February 26, 1977",Paterson,New Jersey
26061,"February 11, 1975",Los Angeles,California
26117,"March 23, 1974",Pearl,Mississippi
26137,"July 26, 1974",Russellville,Kentucky
26152,"October 14, 1973",Louisville,Kentucky
26192,"February 27, 1975",Collinston,Louisiana
26238,"May 27, 1969",Columbia,South Carolina
23663,"April 23, 1973",Lagos,Nigeria
23736,"November 19, 1975",Los Angeles,California
23738,"November 11, 1969",Dayton,Ohio
23799,"February 24, 1978",Compton,California
23814,"May 13, 1978",Cherry Hill,New Jersey
23876,"June 2, 1976",Cleveland,Ohio
24002,"December 5, 1975",Fordyce,Arkansas
24012,"January 26, 1977",Daytona Beach,Florida
24052,"April 16, 1975",Danville,Illinois
24185,"September 23, 1979",Las Vegas,Nevada
24223,"June 25, 1975",Greenville,South Carolina
24234,"June 15, 1977",San Antonio,Texas
24252,"September 21, 1974",Baton Rouge,Louisiana
24435,"July 3, 1975",Los Angeles,California
24442,"August 23, 1976",Las Vegas,Nevada
24511,"January 6, 1974",Pittsburgh,Pennsylvania
24595,"May 31, 1976",Cincinnati,Ohio
24725,"January 23, 1979",St. Louis,Missouri
24775,"January 16, 1976",Los Angeles,California
24782,"July 22, 1975",Cottage Grove,Minnesota
24787,"November 17, 1975",Tampa,Florida
24792,"June 12, 1976",Shreveport,Louisiana
24874,"August 25, 1976",Galveston,Texas
24928,"June 6, 1974",Atlanta,Georgia
24947,"November 25, 1972",Charleston,West Virginia
24989,"May 29, 1976",Hampton,Iowa
25073,"December 19, 1974",Santo Domingo,Dominican Republic
25082,"May 3, 1977",Mexico,Missouri
25128,"August 23, 1975",Auckland,New Zealand
25170,"August 24, 1975",Chicago,Illinois
25181,"December 6, 1977",Oakland,California
25213,"November 17, 1975",Jersey City,New Jersey
25244,"April 12, 1976",Fort Wayne,Indiana
25268,"September 1, 1975",Philadelphia,Pennsylvania
25270,"September 5, 1977",Chicago,Illinois
25285,"November 4, 1975",Orangeburg,South Carolina
25340,"December 12, 1973",Dakar,Senegal
25363,"January 31, 1976",Cairo,Illinois
25427,"April 3, 1975",Lagos,Nigeria
25468,"November 12, 1975",Riverside,California
25471,"July 31, 1975",Cleveland,Ohio
25512,"October 13, 1977",Oakland,California
25765,"July 20, 1975",Lebanon,Ohio
25768,"September 29, 1974",Marietta,Georgia
25785,"November 21, 1975",Stockholm,Sweden
25787,"October 18, 1974",Paris,Kentucky
25798,"May 19, 1976",Temple,Texas
25863,"July 24, 1975",Nashville,Tennessee
26011,"February 1, 1977",Detroit,Michigan
26136,"September 28, 1976",Muncie,Indiana
26154,"October 8, 1975",New Britain,Connecticut
26158,"February 19, 1976",St. Louis,Missouri
26205,"November 18, 1975",Ritter,South Carolina
26233,"April 5, 1975",Bronx,New York
26258,"January 7, 1974",Slayton,Minnesota
23662,"July 24, 1976",New York,New York
23716,"August 14, 1974",Orlando,Florida
23723,"August 8, 1979",Augusta,Georgia
23861,"May 7, 1976",Reynoldsburg,Ohio
23869,"March 31, 1977",Sharps,Virginia
23871,"November 20, 1975",Fort Madison,Iowa
23874,"June 11, 1973",Newark,New Jersey
23891,"March 11, 1979",Cortlandt Manor,New York
23951,"September 16, 1976",Hopkinsville,Kentucky
23954,"November 2, 1977",Milwaukee,Wisconsin
24007,"June 16, 1975",Milwaukee,Wisconsin
24026,"March 6, 1977",Houston,Texas
24138,"February 29, 1976",Thomson,Georgia
24169,"April 13, 1979",Los Angeles,California
24216,"December 20, 1975",Detroit,Michigan
24302,"August 22, 1975",Port Harcourt,Nigeria
24326,"May 30, 1975",New Knoxville,Ohio
24391,"January 16, 1977",San Antonio,Texas
24401,"February 21, 1977",Silver Spring,Maryland
24454,"August 29, 1977",Minneapolis,Minnesota
24474,"October 22, 1978",Marietta,Georgia
24541,"July 4, 1974",Wichita,Kansas
24567,"February 14, 1978",Coatesville,Pennsylvania
24656,"September 27, 1975",Fall River,Massachusetts
24695,"December 22, 1976",Kansas City,Missouri
24726,"August 22, 1973",Chicago,Illinois
24764,"June 7, 1976",Detroit,Michigan
24791,"December 26, 1976",Miami,Florida
24793,"November 20, 1976",Orangeburg,South Carolina
24832,"October 6, 1975",San Pedro,California
24887,"February 10, 1979",Cocoa,Florida
24932,"February 1, 1977",Philadelphia,Pennsylvania
25003,"May 13, 1976",Palo Alto,California
25047,"June 26, 1977",Little Rock,Arkansas
25089,"January 27, 1976",Winnipeg,Canada
25105,"November 12, 1979",Melrose Park,Illinois
25124,"May 7, 1978",Waukegan,Illinois
25241,"March 19, 1976",Benton Harbor,Michigan
25262,"August 19, 1975",Georgetown,Guyana
25413,"November 6, 1979",Jamaica,New York
25451,"April 19, 1976",Louisville,Kentucky
25453,"February 7, 1978",Los Angeles,California
25542,"January 13, 1977",Cleveland,Ohio
25564,"August 5, 1977",Charleston,South Carolina
25577,"August 8, 1976",Herceg Novi,Montenegro
25644,"October 2, 1976",Lawton,Oklahoma
25650,"April 19, 1976",Flint,Michigan
25691,"January 21, 1977",Denver,Colorado
25922,"March 5, 1977",Pittsburgh,Pennsylvania
25951,"September 15, 1977",Seattle,Washington
25964,"March 25, 1973",Brooklyn,New York
25968,"July 25, 1977",Atlanta,Georgia
26032,"March 22, 1976",Boston,Massachusetts
26243,"May 27, 1974",New Orleans,Louisiana
26307,"February 6, 1976",Santa Cruz,California
23645,"April 27, 1977",Waynesboro,Virginia
23754,"February 21, 1978",Queens,New York
23792,"September 19, 1976",St. Croix,U.S. Virgin Islands
23841,"November 30, 1975",Dobbs Ferry,New York
23996,"May 2, 1977",Tolono,Illinois
24059,"September 7, 1977",Flint,Michigan
24070,"September 8, 1977",Jacksonville,Florida
24083,"July 1, 1975",Philadelphia,Pennsylvania
24122,"March 20, 1980",Seattle,Washington
24237,"May 8, 1980",Ft. Lauderdale,Florida
24303,"April 25, 1979",Minneapolis,Minnesota
24372,"August 10, 1978",Detroit,Michigan
24425,"October 17, 1973",Colon,Panama
24465,"August 16, 1978",Aurora,Colorado
24483,"March 18, 1976",Philadelphia,Pennsylvania
24571,"April 27, 1975",Floral Park,New York
24616,"April 29, 1978",Los Angeles,California
24619,"August 26, 1980",Shellman,Georgia
24708,"May 14, 1978",Berkeley,California
24769,"January 16, 1975",Brooklyn,New York
24778,"April 5, 1978",Tuskegee,Alabama
24833,"May 5, 1980",San Pedro,California
24907,"August 8, 1973",Roseau,Dominica
25005,"November 28, 1977",Chicago,Illinois
25067,"October 1, 1972",Rochester,New York
25103,"January 28, 1976",Walnut Creek,California
25107,"May 21, 1978",Toronto,Canada
25142,"December 30, 1977",Saginaw,Michigan
25147,"October 11, 1977",Waxahachie,Texas
25175,"April 19, 1977",Fountain Valley,California
25218,"July 3, 1978",Chicago,Illinois
25235,"July 16, 1979",Milwaukee,Wisconsin
25248,"February 19, 1980",Mitchell,South Dakota
25271,"June 15, 1978",Paris,France
25309,"September 9, 1976",Helsinki,Finland
25341,"June 16, 1975",Dakar,Senegal
25345,"February 22, 1975",South Bend,Indiana
25346,"July 11, 1976",Meoqui,Mexico
25370,"January 20, 1975",Southfield,Michigan
25455,"November 27, 1977",Harrisburg,Pennsylvania
25488,"November 29, 1974",Los Gatos,California
25503,"August 26, 1977",Flint,Michigan
25537,"May 9, 1978",Abbeville,Alabama
25543,"February 26, 1978",Albany,Georgia
25566,"October 10, 1979",Monticello,Minnesota
25599,"August 24, 1979",Columbus,Ohio
25626,"April 13, 1980",Chicago,Illinois
25638,"December 30, 1976",Saginaw,Michigan
25653,"December 27, 1973",Los Angeles,California
25713,"May 8, 1977",Bahia Blanca,Argentina
25718,"June 24, 1976",Lubbock,Texas
25821,"February 12, 1977",Atlanta,Georgia
25834,"April 15, 1976",Rochester,New York
25917,"November 21, 1979",Shreveport,Louisiana
26054,"March 31, 1973",Daytona Beach,Florida
26076,"November 1, 1977",Tulsa,Oklahoma
23654,"June 27, 1978",Willingboro,New Jersey
23668,"July 7, 1978",Long Beach,California
23703,"January 6, 1982",Los Angeles,California
23707,"June 16, 1980",San Francisco,California
23710,"July 30, 1979",Fajardo,Puerto Rico
23772,"September 9, 1978",Birmingham,Michigan
23790,"March 12, 1979",Flint,Michigan
23868,"May 20, 1978",Edda,Cameroon
23883,"April 18, 1979",Worcester,Massachusetts
23898,"November 19, 1980",East Point,Georgia
23917,"June 28, 1979",Eureka,California
23922,"May 17, 1979",Bronx,New York
23926,"March 18, 1981",Zachary,Louisiana
23940,"June 3, 1979",Iowa,Louisiana
24058,"May 8, 1978",Queens,New York
24074,"December 2, 1978",Jacksonville,Florida
24075,"December 2, 1978",Jacksonville,Florida
24126,"July 18, 1979",Pitman,New Jersey
24153,"May 10, 1981",Port-Au-Prince,Haiti
24332,"November 8, 1978",Wichita,Kansas
24378,"April 16, 1975",Sacramento,California
24383,"May 29, 1981",Greenwood,Mississippi
24387,"March 23, 1981",Atlanta,Georgia
24395,"April 11, 1976",Los Angeles,California
24543,"May 30, 1982",Philadelphia,Pennsylvania
24569,"May 26, 1978",Jackson,Mississippi
24622,"March 4, 1979",Clarksville,Tennessee
24624,"March 10, 1979",Loblesville,Tennessee
24634,"November 27, 1979",New York,New York
24737,"October 31, 1981",Chicago,Illinois
24790,"June 23, 1975",Copaigue,New York
24790,"August 18, 1990",Copaigue,New York
24803,"June 21, 1980",Los Angeles,California
24841,"June 29, 1981",Carthage,Mississippi
24864,"September 9, 1978",Luxembourg,Luxembourg
25298,"January 11, 1979",Frederick,Maryland
25327,"May 2, 1980",Morristown,New Jersey
25424,"November 5, 1978",Quincy,Illinois
25588,"July 16, 1981",Marion,Indiana
25620,"January 20, 1981",Saginaw,Michigan
25624,"July 24, 1979",Brooklyn,New York
25722,"February 13, 1979",Dallas,Texas
25724,"April 10, 1981",New York,New York
25726,"March 18, 1978",Long Beach,California
25755,"July 29, 1976",Greensboro,North Carolina
25780,"June 2, 1980",Chicago,Illinois
25849,"July 20, 1978",Hartford,Connecticut
25960,"April 1, 1978",Harlem,New York
25996,"February 28, 1978",Brooklyn,New York
26013,"July 11, 1979",Los Angeles,California
26099,"July 23, 1982",Sylacauga,Alabama
26121,"June 12, 1979",Kansas City,Kansas
26162,"June 28, 1980",Tuskegee,Alabama
26271,"June 21, 1978",St. Louis,Missouri
23701,"March 29, 1980",Paisley,United Kingdom
23766,"May 29, 1975",Corsicana,Texas
23770,"November 21, 1977",Long Beach,California
23777,"January 27, 1979",Silver Spring,Maryland
23863,"November 20, 1981",Aschaffenburg,Germany
23921,"December 30, 1978",Jacksonville,Florida
23957,"December 14, 1973",Dublin,Ireland
23969,"March 13, 1980",Racine,Wisconsin
23974,"May 23, 1979",Philadelphia,Pennsylvania
24221,"September 16, 1978",Portland,Oregon
24232,"October 9, 1978",Baltimore,Maryland
24315,"May 2, 1978",Harvey,Illinois
24334,"May 18, 1980",Pensacola,Florida
24415,"February 2, 1978",Den Haag,Netherlands
24482,"September 24, 1981",Oakland,California
24559,"December 22, 1980",Lewisburg,Tennessee
24598,"July 5, 1980",Bernardston,Massachusetts
24600,"October 2, 1980",Wagram,North Carolina
24627,"July 2, 1973",Gardena,California
24722,"April 2, 1975",Battle Creek,Michigan
24728,"July 24, 1979",Tulsa,Oklahoma
24781,"March 19, 1981",Glendora,California
24798,"February 13, 1980",Fresno,California
24804,"November 25, 1981",Bloomington,Indiana
24883,"March 11, 1979",Malvern,Arkansas
24996,"September 3, 1979",Harvey,Illinois
25101,"June 7, 1981",Compton,California
25149,"September 10, 1980",Washington,District of Columbia
25331,"July 29, 1979",Philadelphia,Pennsylvania
25443,"March 1, 1979",Akron,Ohio
25458,"October 22, 1979",Chicago,Illinois
25462,"June 1, 1981",New York,New York
25562,"February 28, 1980",Compton,California
25688,"July 27, 1977",Inkster,Michigan
25696,"October 30, 1980",Kansas City,Missouri
25705,"December 12, 1979",Philadelphia,Pennsylvania
25710,"May 15, 1983",Inglewood,California
25725,"May 21, 1976",Pula,Croatia
25770,"December 23, 1977",Meriden,Kansas
25801,"April 2, 1980",Beckley,West Virginia
26177,"September 3, 1982",Raleigh,North Carolina
26188,"May 7, 1979",Milwaukee,Wisconsin
26201,"February 25, 1980",Los Angeles,California
26207,"September 10, 1981",Ritter,South Carolina
26272,"February 16, 1981",Memphis,Tennessee
26296,"March 21, 1981",Cleveland,Tennessee
23694,"May 29, 1984",New York,New York
23747,"November 19, 1981",Las Vegas,Nevada
23756,"March 9, 1980",Providence,Rhode Island
23783,"May 17, 1980",Compton,California
23793,"November 10, 1980",Minneapolis,Minnesota
23832,"February 26, 1980",Hollywood,Florida
23845,"May 12, 1980",Alexandria,Virginia
23864,"September 13, 1980",Buffalo,New York
23866,"March 24, 1984",Dallas,Texas
23888,"May 15, 1976",Fresno,California
24005,"August 28, 1980",Pittsburgh,Pennsylvania
24010,"October 12, 1976",Jackson,Mississippi
24093,"December 4, 1980",Lincoln,Illinois
24097,"January 28, 1982",Brooklyn,New York
24158,"January 7, 1981",Jasper,Florida
24179,"August 10, 1980",Detroit,Michigan
24222,"July 21, 1978",Denver,Colorado
24272,"January 26, 1981",Biloxi,Mississippi
24314,"February 28, 1976",Rotterdam,Netherlands
24357,"July 22, 1977",Lansing,Michigan
24400,"August 14, 1977",Battle Ground,Washington
24410,"May 15, 1981",East St. Louis,Missouri
24418,"January 7, 1981",Madison,Wisconsin
24534,"July 28, 1981",Detroit,Michigan
24576,"November 16, 1973",Grand Rapids,Michigan
24580,"April 15, 1978",Provo,Utah
24621,"June 9, 1980",Miami,Florida
24630,"August 9, 1981",Atlanta,Georgia
24676,"January 2, 1981",Sioux City,Iowa
24714,"April 28, 1980",Winston-Salem,North Carolina
24731,"November 24, 1980",Cincinnati,Ohio
24816,"July 8, 1979",Salt Lake City,Utah
24848,"June 13, 1980",Chicago,Illinois
24872,"December 27, 1980",Galveston,Texas
24910,"April 28, 1982",Wyoming,Michigan
24913,"February 4, 1981",Long Beach,California
24972,"March 17, 1981",Lakewood,California
25212,"November 5, 1979",Canton,Ohio
25489,"July 16, 1981",Upland,California
25490,"November 23, 1980",Auckland,New Zealand
25629,"February 13, 1981",Coeur d'Alene,Idaho
25842,"October 3, 1980",Bartow,Florida
25850,"February 14, 1978",Marijampole,Lithuania
25915,"October 25, 1982",Oxon Hill,Maryland
26038,"August 9, 1977",Portland,Oregon
26084,"January 17, 1982",Chicago,Illinois
26107,"March 28, 1980",San Diego,California
26144,"August 29, 1980",Teaneck,New Jersey
26223,"December 19, 1982",Fredericksburg,Virginia
23657,"January 11, 1982",Chicago,Illinois
23700,"August 12, 1980",Curitiba,Brazil
23704,"June 30, 1985",Miami,Florida
23739,"July 28, 1979",Granite City,Illinois
23757,"February 21, 1982",Bronx,New York
23844,"October 22, 1979",Daytona,Florida
23856,"April 5, 1980",Concord,New Hampshire
23961,"February 25, 1980",Memphis,Tennessee
23997,"August 13, 1976",Grand Rapids,Michigan
24027,"November 10, 1980",Albany,New York
24039,"June 20, 1983",Harbor City,California
24082,"October 26, 1980",Orange City,Iowa
24156,"April 1, 1982",Cincinnati,Ohio
24212,"April 16, 1985",Wow,South Sudan
24264,"August 31, 1982",Mamou,Louisiana
24293,"March 5, 1979",Baltimore,Maryland
24297,"July 31, 1981",Warren,Ohio
24317,"August 27, 1982",Dallas,Texas
24374,"April 11, 1981",San Pedro de Macoris,Dominican Republic
24408,"October 2, 1981",Overland Park,Kansas
24486,"April 4, 1983",London,United Kingdom
24602,"February 27, 1983",Milwaukee,Wisconsin
24615,"August 15, 1982",Nashville,Tennessee
24730,"February 6, 1985",Minneapolis,Minnesota
24743,"January 28, 1984",Springfield,Illinois
24756,"December 20, 1981",Harlem,New York
24806,"October 14, 1974",Elizabeth,New Jersey
24961,"December 16, 1981",Livingston,New Jersey
25143,"February 1, 1983",Saginaw,Michigan
25361,"February 9, 1982",Chester,Pennsylvania
25417,"September 28, 1982",Houston,Texas
25601,"January 16, 1982",Jackson,Mississippi
25609,"April 8, 1982",Tripp,South Dakota
25645,"December 26, 1980",Washington,District of Columbia
25675,"April 30, 1981",Dallas,Texas
25848,"June 5, 1983",Los Angeles,California
25852,"November 22, 1981",Dakar,Senegal
25893,"April 18, 1977",Chicago,Illinois
25924,"October 5, 1980",Yokohama,Japan
25957,"December 23, 1975",Shreveport,Louisiana
25965,"November 22, 1980",Brooklyn,New York
26081,"June 6, 1981",Laguna,California
26145,"July 26, 1983",Washington,District of Columbia
26182,"January 11, 1980",Pocatello,Idaho
23620,"January 21, 1983",Compton,California
23670,"October 16, 1982",Minneapolis,Minnesota
23758,"August 14, 1981",Clarksdale,Mississippi
23764,"February 15, 1983",New York,New York
23765,"April 30, 1985",Baton Rouge,Louisiana
23849,"November 28, 1984",Melbourne,Australia
23962,"April 9, 1979",Seattle,Washington
23978,"January 4, 1983",Chicago,Illinois
24224,"March 1, 1982",Fond du Lac,Wisconsin
24229,"September 11, 1983",Buffalo,New York
24336,"March 26, 1983",Milton,Florida
24355,"October 4, 1981",Los Angeles,California
24356,"June 26, 1984",Marion,South Carolina
24371,"August 12, 1982",Columbus,Georgia
24384,"January 9, 1982",Baton Rouge,Louisiana
24409,"May 17, 1983",White Plains,New York
24416,"March 22, 1982",Wow,South Sudan
24427,"December 31, 1981",Santo Domingo,Dominican Republic
24480,"September 1, 1982",Waterbury,Connecticut
24494,"June 11, 1982",Wilmington,Delaware
24497,"June 11, 1982",Wilmington,Delaware
24501,"April 20, 1983",New Orleans,Louisiana
24522,"October 25, 1982",Columbus,Ohio
24536,"February 4, 1982",Gainesville,Florida
24547,"April 15, 1979",Louisville,Kentucky
24629,"June 11, 1983",San Leandro,California
24635,"November 26, 1982",Chicago,Illinois
24681,"November 18, 1983",New York,New York
24684,"August 8, 1979",Chicago,Illinois
24758,"October 28, 1983",Fort Washington,Maryland
24795,"March 5, 1976",Kaunas,Lithuania
24879,"June 9, 1983",Houston,Texas
24960,"January 3, 1985",Kaunas,Lithuania
25025,"April 29, 1983",Modesto,California
25132,"February 20, 1982",Georgetown,Guyana
25155,"February 18, 1983",Chicago,Illinois
25157,"April 4, 1984",Chicago,Illinois
25169,"September 25, 1984",Asheville,North Carolina
25236,"April 13, 1983",Portland,Oregon
25441,"October 31, 1980",Indianapolis,Indiana
25473,"May 6, 1985",Winston-Salem,North Carolina
25547,"January 25, 1983",Charleston,South Carolina
25559,"June 21, 1983",Friendswood,Texas
25587,"November 24, 1983",Raleigh,North Carolina
25637,"February 14, 1983",Chattanooga,Tennessee
25641,"October 20, 1982",Houston,Texas
25656,"May 31, 1984",Seattle,Washington
25716,"January 3, 1981",Liberal,Kansas
25727,"July 3, 1978",Racine,Wisconsin
25732,"December 31, 1982",Hope Forest,Australia
25778,"March 9, 1983",Leavenworth,Kansas
25793,"July 20, 1981",Chicago,Illinois
25895,"October 11, 1982",Portland,Oregon
25925,"March 10, 1985",Brooklyn,New York
25931,"July 26, 1982",Washington,District of Columbia
25979,"February 23, 1983",Los Angeles,California
26022,"January 13, 1983",Le Robert,Martinique
26068,"August 24, 1984",Queens,New York
26086,"July 21, 1985",Homer,Louisiana
26104,"December 2, 1982",Holland,Pennsylvania
26113,"July 8, 1982",Philadelphia,Pennsylvania
26150,"April 16, 1982",Benton Harbor,Michigan
26196,"June 26, 1984",Parkersburg,West Virginia
26219,"June 19, 1986",Jackson,Mississippi
26280,"February 6, 1984",West Covina,California
26281,"July 1, 1984",Hollywood,California
26316,"December 2, 1981",Monroe,Louisiana
23623,"June 20, 1984",Inglewood,California
23631,"February 9, 1984",Detroit,Michigan
23641,"July 19, 1985",Dallas,Texas
23667,"December 7, 1982",Ventura,California
23709,"November 11, 1984",Peekskill,New York
23719,"February 27, 1984",Midlothian,Illinois
23726,"December 16, 1983",London,United Kingdom
23743,"July 14, 1984",Staten Island,New York
23834,"September 8, 1983",Boston,Massachusetts
23860,"November 21, 1984",Mount Airy,Maryland
23877,"March 7, 1983",Los Angeles,California
23899,"March 20, 1985",Fort Smith,Arkansas
23913,"May 12, 1981",Chicago,Illinois
23938,"November 29, 1985",Maywood,Illinois
23999,"April 15, 1984",Memphis,Tennessee
24077,"August 4, 1984",Philadelphia,Pennsylvania
24091,"December 8, 1982",Portland,Oregon
24184,"July 21, 1984",Detroit,Michigan
24219,"August 29, 1982",Paris,France
24241,"May 16, 1984",Brooklyn,New York
24343,"November 30, 1986",Los Angeles,California
24344,"October 7, 1981",Flint,Michigan
24398,"September 24, 1983",Newark,New Jersey
24447,"August 17, 1986",Brooklyn,New York
24459,"February 27, 1986",Houston,Texas
24538,"October 23, 1979",Philadelphia,Pennsylvania
24561,"June 5, 1984",Chicago,Illinois
24678,"January 12, 1984",Cincinnati,Ohio
24689,"October 10, 1984",Pasadena,California
24817,"February 8, 1983",Albany,Georgia
24896,"July 16, 1984",Eustis,Florida
24952,"March 21, 1984",Tampa,Florida
25079,"March 25, 1986",Philadelphia,Pennsylvania
25111,"May 7, 1982",Chicago,Illinois
25182,"May 27, 1984",Capitol Heights,Maryland
25195,"April 26, 1982",Missouri City,Texas
25229,"September 7, 1983",London,United Kingdom
25256,"February 10, 1985",Monroe,Louisiana
25297,"January 2, 1986",Houston,Texas
25299,"July 19, 1984",Glendive,Montana
25382,"February 27, 1984",Durham,North Carolina
25390,"June 13, 1983",Libertyville,Illinois
25402,"June 20, 1986",Oskaloosa,Iowa
25516,"October 20, 1983",Colton,California
25545,"January 22, 1984",Berkeley,California
25550,"January 15, 1983",Joliet,Illinois
25571,"September 27, 1983",New Orleans,Louisiana
25595,"June 17, 1984",Bronx,New York
25621,"February 11, 1984",Allentown,Pennsylvania
25669,"February 22, 1986",Louisville,Kentucky
25683,"July 23, 1984",Seattle,Washington
25781,"January 3, 1986",Shallotte,North Carolina
25813,"November 10, 1983",Inglewood,California
25840,"April 12, 1983",Highland Park,Michigan
25973,"August 17, 1986",Baton Rouge,Louisiana
26159,"October 21, 1982",St. Louis,Missouri
26212,"May 12, 1984",Chicago,Illinois
26218,"December 3, 1985",Jackson,Mississippi
26218,"November 18, 1986",Jackson,Mississippi
26234,"February 16, 1986",Bronx,New York
26235,"October 21, 1983",Bronx,New York
23630,"October 15, 1985",Los Angeles,California
23633,"May 27, 1984",St. Louis,Missouri
23658,"February 2, 1981",Salt Lake City,Utah
23660,"February 2, 1985",Dalton,Georgia
23696,"August 9, 1982",Montreal,Canada
23897,"March 5, 1986",Portland,Tennessee
23907,"January 14, 1985",Seattle,Washington
24032,"May 10, 1987",Benton Harbor,Michigan
24087,"October 11, 1987",Fayetteville,Arkansas
24094,"April 28, 1987",Los Angeles,California
24128,"December 31, 1987",Atlanta,Georgia
24165,"November 15, 1984",Atlanta,Georgia
24177,"January 1, 1986",Baton Rouge,Louisiana
24220,"March 4, 1985",San Juan,Puerto Rico
24262,"July 10, 1985",San Diego,California
24273,"September 29, 1988",Washington,District of Columbia
24349,"June 17, 1985",Denver,Colorado
24428,"February 8, 1985",Portland,Oregon
24513,"December 7, 1984",Tarzana,California
24533,"November 28, 1986",Fort Lauderdale,Florida
24608,"June 15, 1983",Hillsboro,Texas
24625,"April 28, 1988",Seattle,Washington
24701,"June 3, 1986",Puerto Plata,Dominican Republic
24915,"March 6, 1983",Great Falls,Montana
24997,"September 19, 1983",Milwaukee,Wisconsin
25004,"September 15, 1983",Fort Worth,Texas
25009,"December 17, 1982",Port-Gentil,Gabon
25013,"January 25, 1985",Dallas,Texas
25201,"October 20, 1985",San Diego,California
25221,"February 28, 1987",Indianapolis,Indiana
25280,"June 13, 1980",Goodwater,Alabama
25373,"September 4, 1984",Boston,Massachusetts
25380,"February 25, 1985",New York,New York
25548,"March 18, 1981",Teaneck,New Jersey
25565,"April 19, 1986",Los Angeles,California
25618,"December 25, 1984",Lakeland,Florida
25756,"April 11, 1986",Myrtle Beach,South Carolina
25788,"October 21, 1983",Roslindale,Massachusetts
25822,"March 2, 1986",Atlanta,Georgia
25905,"April 21, 1986",Seattle,Washington
25989,"December 7, 1983",Perry,Georgia
26018,"February 11, 1984",Dayton,Ohio
26115,"December 6, 1985",Winter Park,Florida
26119,"November 8, 1984",Paterson,New Jersey
26147,"June 19, 1984",Petersburg,Virginia
26232,"September 13, 1986",Houston,Texas
26283,"October 5, 1987",Hollywood,California
26289,"May 20, 1987",Chicago,Illinois
26303,"June 1, 1985",Los Angeles,California
26306,"June 21, 1988",New Orleans,Louisiana
23647,"December 26, 1986",Kaohsiung,Taiwan
23685,"May 6, 1988",Sacramento,California
23711,"March 25, 1988",Dallas,Texas
23778,"August 20, 1988",Phoenix,Arizona
23785,"January 9, 1989",Frederick,Maryland
23915,"September 24, 1984",Versailles,Ohio
24028,"May 19, 1986",Anchorage,Alaska
24123,"June 17, 1986",Detroit,Michigan
24238,"December 16, 1983",Baltimore,Maryland
24246,"January 8, 1987",Detroit,Michigan
24488,"December 25, 1988",Indianapolis,Indiana
24535,"February 21, 1988",Munich,Germany
24557,"February 23, 1987",Detroit,Michigan
24660,"December 11, 1986",Queens,New York
24669,"May 4, 1986",Indianapolis,Indiana
24673,"November 14, 1985",Chanute,Kansas
24735,"May 28, 1986",Winston-Salem,North Carolina
24761,"November 7, 1985",Oklahoma City,Oklahoma
24796,"October 10, 1986",Sydney,Australia
24802,"December 15, 1983",Lithonia,Georgia
24856,"August 30, 1984",Jackson,Mississippi
24900,"July 21, 1988",Houston,Texas
24973,"February 24, 1989",Canton,Ohio
24981,"March 5, 1985",Philadelphia,Pennsylvania
25024,"October 3, 1985",Indianapolis,Indiana
25072,"April 1, 1988",North Hollywood,California
25075,"April 1, 1988",North Hollywood,California
25077,"September 7, 1988",Santa Monica,California
25136,"November 20, 1984",Crockett,Texas
25197,"January 19, 1988",Flint,Michigan
25301,"September 27, 1985",Charlotte,North Carolina
25360,"November 2, 1985",Oakland,California
25412,"January 22, 1988",Buffalo,New York
25586,"July 15, 1989",Worzbach,Germany
25671,"October 4, 1988",Chicago,Illinois
25695,"July 7, 1985",Kansas City,Missouri
25762,"July 18, 1986",Huntsville,Alabama
25791,"September 6, 1985",Philadelphia,Pennsylvania
25856,"August 4, 1987",St. Petersburg,Florida
25940,"January 21, 1986",Chicago,Illinois
25981,"July 21, 1986",New York,New York
26001,"June 1, 1985",Springfield,Missouri
26127,"February 18, 1986",Janesville,Wisconsin
26134,"July 8, 1986",West Memphis,Arkansas
26149,"November 12, 1988",Long Beach,California
26206,"February 19, 1983",Ritter,South Carolina
23671,"June 5, 1985",Buffalo,New York
23831,"April 22, 1989",Pittsburgh,Pennsylvania
23904,"March 20, 1987",Snohomish,Washington
23920,"September 8, 1987",Jacksonville,Florida
23952,"May 22, 1988",Encinitas,California
24003,"July 27, 1986",Birmingham,Alabama
24050,"January 17, 1988",Plainfield,New Jersey
24081,"August 23, 1987",Rancho Cucamonga,California
24139,"April 22, 1987",Clinton,Maryland
24147,"January 7, 1986",Pleasant Grove,North Carolina
24150,"March 14, 1988",Akron,Ohio
24194,"June 5, 1988",Irvine,California
24215,"August 7, 1989",Compton,California
24245,"March 16, 1986",Jonesboro,Georgia
24306,"October 29, 1987",Wynnewood,Pennsylvania
24335,"September 19, 1989",Chester,Pennsylvania
24377,"February 6, 1989",Niagara Falls,New York
24419,"April 18, 1986",Jamaica,New York
24451,"May 29, 1987",Riviera Beach,Florida
24462,"June 24, 1985",Brooklyn,New York
24464,"January 24, 1985",Dallas,Texas
24521,"June 22, 1987",Lynwood,California
24544,"April 18, 1986",Oklahoma City,Oklahoma
24578,"November 3, 1985",Poplar Bluff,Missouri
24587,"August 26, 1989",Los Angeles,California
24671,"July 27, 1987",Atlanta,Georgia
24685,"June 12, 1990",Chatsworth,California
24718,"August 7, 1984",Memphis,Tennessee
24733,"July 7, 1984",Gary,Indiana
24760,"March 5, 1986",Alamogordo,New Mexico
24799,"August 5, 1985",Chicago,Illinois
24840,"February 20, 1987",Cheyenne,Wyoming
24988,"May 6, 1984",Baton Rouge,Louisiana
24998,"November 1, 1985",Milwaukee,Wisconsin
25017,"November 3, 1987",Clinton,Maryland
25153,"October 14, 1986",Sarasota,Florida
25161,"June 11, 1987",Raeford,North Carolina
25224,"August 21, 1987",Norcross,Georgia
25253,"August 11, 1988",Monroe,Louisiana
25315,"February 14, 1989",Canal Winchester,Ohio
25907,"January 24, 1988",Baltimore,Maryland
25936,"December 8, 1986",Blytheville,Arkansas
25944,"June 10, 1988",Indianapolis,Indiana
25948,"May 8, 1986",Baton Rouge,Louisiana
25952,"February 16, 1987",Dar es Salaam,United Republic of Tanzania
25991,"June 5, 1987",Baton Rouge,Louisiana
26237,"June 28, 1987",Seattle,Washington
26305,"June 1, 1985",Washington,District of Columbia
23629,"February 10, 1986",Brookline,Massachusetts
23637,"March 21, 1988",Kaduna,Nigeria
23640,"October 31, 1988",Burnsville,Minnesota
23666,"September 21, 1990",Atlanta,Georgia
23677,"March 25, 1989",El Dorado,Arkansas
23728,"June 20, 1989",Cincinnati,Ohio
23839,"December 9, 1989",Birmingham,Alabama
23859,"November 25, 1987",Newberry,South Carolina
23878,"October 9, 1987",Los Angeles,California
23880,"November 26, 1990",Tacoma,Washington
23995,"May 4, 1988",Fanwood,New Jersey
24078,"March 18, 1987",Chicago,Illinois
24115,"December 18, 1986",Baltimore,Maryland
24116,"August 13, 1990",Mobile,Alabama
24124,"October 23, 1988",Detroit,Michigan
24175,"June 5, 1989",Washington,District of Columbia
24247,"September 10, 1984",Pahokee,Florida
24284,"October 28, 1989",Queens,New York
24331,"October 24, 1987",Crossett,Arkansas
24338,"August 5, 1962",Kingston,Jamaica
24338,"May 20, 1984",Kingston,Jamaica
24348,"July 15, 1991",Atlanta,Georgia
24366,"June 27, 1988",Long Beach,California
24381,"February 25, 1985",Colon,Panama
24455,"May 2, 1990",Palmdale,California
24542,"March 16, 1989",Oklahoma City,Oklahoma
24583,"January 2, 1988",Decatur,Illinois
24607,"September 21, 1989",Detroit,Michigan
24632,"March 23, 1990",Indianapolis,Indiana
24633,"November 26, 1986",Buffalo,New York
24651,"March 15, 1991",Gent,Belgium
24785,"October 7, 1987",Hobbs,New Mexico
24814,"December 2, 1983",Los Angeles,California
24820,"February 23, 1989",Gonvick,Minnesota
24827,"July 15, 1985",Corpus Christi,Texas
24827,"April 29, 1990",Corpus Christi,Texas
24859,"July 11, 1987",Corsicana,Texas
24877,"October 15, 1988",Nashville,Tennessee
25014,"November 7, 1988",College Park,Georgia
25055,"August 23, 1988",Palo Alto,California
25276,"June 4, 1990",New Orleans,Louisiana
25339,"January 12, 1987",Dakar,Senegal
25357,"October 3, 1984",Baltimore,Maryland
25445,"January 8, 1983",Mesa,Arizona
25470,"March 14, 1989",Washington,District of Columbia
25521,"March 2, 1988",Rosenberg,Texas
25533,"March 10, 1988",Fresno,California
25593,"November 2, 1986",Syracuse,New York
25712,"January 9, 1989",Trelawny,Jamaica
25715,"November 21, 1988",Fort Pierce,Florida
25760,"August 18, 1984",Philadelphia,Pennsylvania
25777,"October 25, 1986",Augusta,Georgia
25819,"July 5, 1988",Charlotte,North Carolina
25873,"September 5, 1990",Brooklyn,New York
26027,"October 27, 1988",Chicago,Illinois
26037,"May 20, 1987",Edmond,Oklahoma
26044,"March 19, 1988",Houston,Texas
26059,"January 16, 1987",Caracas,Venezuela
26097,"September 6, 1990",Raleigh,North Carolina
26111,"October 22, 1989",Dallas,Texas
26169,"June 13, 1989",Gastonia,North Carolina
23653,"February 4, 1989",Morrisville,Pennsylvania
23806,"August 13, 1988",New Castle,Indiana
23910,"January 26, 1989",Long Branch,New Jersey
23960,"July 20, 1991",Grandview,Missouri
23972,"September 14, 1989",Houston,Texas
23976,"April 25, 1984",Memphis,Tennessee
24065,"October 13, 1988",Dayton,Ohio
24191,"July 7, 1984",San Antonio,Texas
24214,"September 5, 1985",Carbondale,Illinois
24278,"May 1, 1987",Rockville,Maryland
24342,"November 19, 1989",Newark,New Jersey
24379,"July 14, 1987",Lockwood,New York
24388,"May 23, 1988",San Antonio,Texas
24406,"February 25, 1989",Glens Falls,New York
24471,"July 26, 1986",Birmingham,Alabama
24491,"December 7, 1988",Gainesville,Georgia
24565,"October 6, 1990",Lexington,Kentucky
24592,"August 30, 1989",Richmond,Virginia
24597,"February 12, 1989",St. Charles,Missouri
24610,"August 10, 1987",Dallas,Texas
24611,"July 15, 1992",Monroe,Louisiana
24663,"June 14, 1989",Danville,California
24679,"September 29, 1987",Las Vegas,Nevada
24694,"July 15, 1990",Los Angeles,California
24704,"February 5, 1988",Linwood,New Jersey
24752,"March 23, 1992",Melbourne,Australia
24776,"April 16, 1990",Pordenone,Italy
24805,"February 28, 1989",Brooklyn,New York
24824,"January 28, 1983",New Orleans,Louisiana
24838,"April 10, 1984",San Antonio,Texas
24839,"February 8, 1989",Cheyenne,Wyoming
24901,"September 29, 1986",Kingston,Jamaica
24906,"August 20, 1991",Toronto,Canada
24962,"December 2, 1991",Livingston,New Jersey
25029,"May 22, 1990",Riverside,California
25035,"June 29, 1991",Los Angeles,California
25038,"March 29, 1990",Atlanta,Georgia
25041,"May 14, 1989",Long Lake,Minnesota
25053,"March 31, 1988",Chicago,Illinois
25094,"April 22, 1990",Lexington,Kentucky
25097,"September 20, 1986",Portsmouth,Virginia
25292,"January 3, 1991",Los Angeles,California
25433,"August 6, 1990",Oklahoma City,Oklahoma
25459,"March 17, 1986",Chicago,Illinois
25465,"October 25, 1988",Casselberry,Florida
25608,"October 30, 1986",Lauderdale Lakes,Florida
25750,"March 27, 1991",Baltimore,Maryland
25772,"June 26, 1990",Oak Park,Illinois
25776,"January 22, 1988",San Antonio,Texas
25792,"November 21, 1989",Canton,Georgia
25802,"January 15, 1988",Shreveport,Louisiana
25823,"September 26, 1987",Wauwatosa,Wisconsin
25835,"July 25, 1988",Louisville,Kentucky
25881,"September 26, 1985",Randolph,Wisconsin
25892,"December 7, 1988",Alexandria,Virginia
25962,"February 7, 1989",Chicago,Illinois
25970,"April 24, 1988",Brooklyn,New York
25971,"November 8, 1988",Columbia,Missouri
25974,"May 20, 1990",Toronto,Canada
25983,"February 8, 1990",Los Angeles,California
25985,"June 1, 1988",Nassau,Bahamas
25988,"March 13, 1991",Toronto,Canada
26036,"November 26, 1986",Brooklyn,New York
26082,"October 24, 1990",Morges,Switzerland
26094,"May 8, 1990",Roberta,Georgia
26197,"May 25, 1991",Parkersburg,West Virginia
26199,"June 20, 1989",Memphis,Tennessee
26211,"October 11, 1990",New Haven,Connecticut
26285,"September 30, 1988",Trotwood,Ohio
26285,"November 4, 1989",Trotwood,Ohio
23622,"October 6, 1990",Tyler,Texas
23636,"February 10, 1986",Greenbrae,California
23763,"January 6, 1991",Baltimore,Maryland
23779,"December 9, 1986",Gisborne,New Zealand
23781,"July 1, 1989",Kelford,North Carolina
23782,"June 28, 1993",St. Louis,Missouri
23812,"July 12, 1988",Chicago,Illinois
24105,"March 17, 1984",Orange,New Jersey
24135,"July 6, 1990",Villa Rica,Georgia
24140,"May 22, 1991",Oakland,California
24167,"March 11, 1993",Oakland,California
24259,"August 10, 1993",Mount Vernon,New York
24322,"September 24, 1988",Baltimore,Maryland
24341,"October 21, 1989",Benin City,Nigeria
24523,"March 4, 1990",Saginaw,Michigan
24577,"December 23, 1987",Poplar Bluff,Missouri
24589,"May 11, 1993",Queens,New York
24652,"December 28, 1990",Greensboro,North Carolina
24686,"April 5, 1989",Mission Hills,California
24784,"February 7, 1985",Savannah,Georgia
24807,"March 6, 1991",Nashville,Tennessee
24851,"March 11, 1989",Monterey,California
24860,"September 28, 1989",Morgan City,Louisiana
24875,"June 20, 1990",Stone Mountain,Georgia
24888,"August 25, 1989",Mount Vernon,New York
24893,"September 24, 1991",Winnsboro,Louisiana
24897,"January 9, 1992",Portland,Oregon
24908,"December 17, 1988",Montreal,Canada
24937,"September 26, 1993",Philadelphia,Pennsylvania
24991,"November 6, 1991",Queens,New York
24992,"May 30, 1992",Henrico Valley,Virginia
25036,"February 27, 1992",Woodbridge,Virginia
25054,"July 15, 1990",Oakland,California
25090,"June 8, 1990",Queens,New York
25131,"August 19, 1991",Dumfries,Virginia
25228,"June 20, 1990",Juiz de Forz,Brazil
25234,"August 12, 1991",Charleston,South Carolina
25245,"March 21, 1990",Maysville,Kentucky
25250,"November 18, 1992",Chicago,Illinois
25310,"November 18, 1990",Queens,New York
25324,"March 6, 1990",Atlanta,Georgia
25374,"December 8, 1989",Mississauga,Canada
25407,"March 26, 1990",Flushing,New York
25526,"September 1, 1988",Fort Wayne,Indiana
25633,"August 1, 1992",Santa Monica,California
25639,"December 3, 1985",Toledo,Ohio
25659,"March 17, 1991",Washington,District of Columbia
25676,"February 5, 1991",Portland,Oregon
25703,"June 6, 1989",Baton Rouge,Louisiana
25743,"July 16, 1988",Chesapeake,Virginia
25789,"March 27, 1990",Baltimore,Maryland
25790,"May 4, 1988",Medford,Oregon
25906,"March 4, 1992",Columbus,Ohio
25935,"May 23, 1989",Blytheville,Arkansas
25941,"April 12, 1990",Hoboken,New Jersey
25945,"February 28, 1993",Indianapolis,Indiana
26058,"March 1, 1988",Fairfax,Virginia
26089,"December 10, 1991",Philadelphia,Pennsylvania
26123,"May 2, 1991",Philadelphia,Pennsylvania
26293,"April 13, 1993",Seattle,Washington
26310,"April 7, 1987",Ames,Iowa
26311,"January 17, 1990",Visalia,California
23626,"July 20, 1993",Rotorua,New Zealand
23727,"February 14, 1990",Arlington,Texas
23800,"March 14, 1993",Toronto,Canada
23842,"July 17, 1992",Milwaukee,Wisconsin
23929,"August 26, 1990",Roswell,Georgia
23956,"March 16, 1991",Baltimore,Maryland
23958,"November 12, 1992",Columbus,Ohio
23975,"March 6, 1989",Milwaukee,Wisconsin
23983,"February 7, 1989",Casselberry,Florida
23986,"February 18, 1993",Thomaston,Georgia
23993,"May 21, 1991",Biloxi,Mississippi
24013,"October 10, 1991",Hamilton,Massachusetts
24044,"September 15, 1986",Philadelphia,Pennsylvania
24051,"March 7, 1991",Memphis,Tennessee
24117,"December 14, 1990",Bellwood,Illinois
24119,"April 9, 1992",Los Angeles,California
24149,"August 23, 1990",Charlotte,North Carolina
24159,"July 15, 1991",Roanoke,Virginia
24166,"July 25, 1991",Philadelphia,Pennsylvania
24199,"August 12, 1989",Lancaster,California
24208,"September 8, 1990",Maryborough,Australia
24225,"January 18, 1990",Kebemer,Senegal
24299,"May 31, 1987",Los Angeles,California
24354,"August 17, 1990",Las Vegas,Arizona
24403,"July 21, 1991",Moreno Valley,California
24484,"August 17, 1994",Little Rock,Arkansas
24552,"December 27, 1988",Chihuahua,Mexico
24566,"April 1, 1990",Newport Beach,California
24603,"July 6, 1989",Speyer,Germany
24672,"March 18, 1991",Los Angeles,California
24699,"August 8, 1989",Hopkinsville,Kentucky
24727,"March 8, 1989",Valparaiso,Indiana
24922,"April 9, 1991",Carmel,New York
25007,"October 2, 1992",Cincinnati,Ohio
25032,"June 16, 1993",Antratsit,Ukraine
25166,"June 12, 1991",Madison,Wisconsin
25211,"February 11, 1993",St. Louis,Missouri
25227,"March 4, 1988",Petah Tikva,Israel
25267,"August 7, 1989",Toledo,Ohio
25267,"April 7, 1992",Toledo,Ohio
25314,"November 13, 1992",Los Angeles,California
25322,"October 26, 1990",Lyon,France
25333,"November 8, 1989",Houston,Texas
25334,"July 1, 1991",St. Louis Park,Minnesota
25393,"July 14, 1990",San Jose,California
25420,"May 4, 1992",Silver Spring,Maryland
25428,"April 19, 1991",Toronto,Canada
25429,"July 13, 1987",Lanham,Maryland
25525,"March 5, 1990",Fort Wayne,Indiana
25538,"June 3, 1993",St. Louis,Missouri
25553,"February 17, 1991",Dallas,Texas
25636,"December 4, 1991",Chattanooga,Tennessee
25796,"October 24, 1990",Seattle,Washington
25846,"November 10, 1991",Riverside,California
25851,"April 28, 1990",Queens,New York
25956,"March 25, 1993",Memphis,Tennessee
25980,"April 3, 1991",Pasadena,California
26109,"January 17, 1990",Cerritos,California
26164,"April 10, 1991",Tuskegee,Alabama
26260,"March 7, 1990",San Diego,California
26265,"May 15, 1991",St. Cloud,Minnesota
26309,"October 5, 1992",Washington,Indiana
23624,"July 8, 1994",Atlanta,Georgia
23680,"September 20, 1993",New York,New York
23737,"December 7, 1990",Brisbane,Australia
23797,"August 1, 1991",Warrenton,Virginia
23813,"December 2, 1992",Ontario,Canada
23825,"November 22, 1991",Memphis,Tennessee
23924,"December 18, 1992",Oakland,California
23931,"January 29, 1992",West Memphis,Arkansas
24036,"February 8, 1991",Oakland,California
24047,"June 3, 1988",Compton,California
24054,"June 7, 1992",Tampa,Florida
24101,"April 4, 1991",Evanston,Illinois
24111,"August 11, 1992",Tucson,Arizona
24187,"September 19, 1991",Fairfax,Virginia
24228,"April 6, 1993",Los Angeles,California
24281,"April 17, 1991",Middletown,New York
24323,"July 1, 1990",Ventura,California
24324,"August 24, 1994",Brampton,Canada
24404,"November 1, 1990",Houston,Texas
24422,"December 9, 1991",Baton Rouge,Louisiana
24485,"September 16, 1995",San Jose,California
24487,"July 12, 1990",San Jose,California
24508,"March 12, 1994",Portland,Oregon
24524,"May 9, 1991",Inglewood,California
24526,"June 21, 1990",Montgomery,Alabama
24604,"September 14, 1994",Fishers,Indiana
24605,"September 6, 1991",Chelan,Washington
24696,"October 20, 1992",Meridian,Mississippi
24801,"December 26, 1990",Tacoma,Washington
24813,"July 8, 1993",Costa Mesa,California
24850,"December 22, 1992",Tempe,Arizona
24857,"May 7, 1992",Grand Forks,North Dakota
24940,"January 6, 1990",Yonkers,New York
24954,"November 14, 1991",Los Alamos,New Mexico
25012,"March 10, 1995",Renton,Washington
25080,"May 24, 1989",Sterling Heights,Michigan
25120,"September 21, 1992",Southfield,Michigan
25190,"January 3, 1992",Grand Forks,North Dakota
25196,"June 6, 1992",Chesterton,Indiana
25216,"June 1, 1987",Chicago,Illinois
25255,"August 12, 1987",Grambling,Louisiana
25288,"December 24, 1991",Houston,Texas
25349,"July 14, 1991",Roxbury,Massachusetts
25383,"April 10, 1994",Malden,Massachusetts
25401,"June 1, 1993",Cleveland,Mississippi
25461,"March 15, 1995",Chicago,Illinois
25477,"February 19, 1991",Dayton,Ohio
25480,"February 22, 1994",Gretna,Louisiana
25546,"July 20, 1991",Toronto,Canada
25585,"November 29, 1994",Dallas,Texas
25709,"March 20, 1993",Inglewood,California
25806,"March 6, 1994",Flower Mound,Texas
25838,"April 19, 1991",New York,New York
25867,"October 7, 1993",Mississauga,Canada
25885,"June 24, 1991",Spokane,Washington
25890,"January 7, 1994",Memphis,Tennessee
26075,"August 24, 1995",Haverhill,Massachusetts
26124,"September 21, 1990",Long Beach,California
26125,"September 21, 1990",Long Beach,California
26173,"March 27, 1991",Paw Paw,Michigan
26174,"February 23, 1995",Toronto,Canada
26299,"August 16, 1995",Flint,Michigan
23643,"November 16, 1995",Chicago,Illinois
23678,"November 19, 1993",Montross,Virginia
23699,"February 13, 1992",Detroit,Michigan
23857,"October 30, 1996",Grand Rapids,Michigan
23914,"October 10, 1992",Chicago,Illinois
24021,"August 18, 1993",Spearville,Kansas
24045,"December 1, 1991",Irvington,New Jersey
24053,"July 4, 1992",Antioch,Tennessee
24089,"January 6, 1993",Arlington,Massachusetts
24190,"February 1, 1993",Gary,Indiana
24201,"August 21, 1992",Los Angeles,California
24202,"May 6, 1994",Sheboygan,Wisconsin
24265,"December 4, 1991",Split,Croatia
24286,"October 30, 1991",Tampa,Florida
24509,"October 9, 1992",Portland,Oregon
24596,"January 26, 1994",Tarboro,North Carolina
24613,"October 28, 1994",San Antonio,Texas
24675,"April 13, 1993",Bethlehem,Pennsylvania
24690,"January 3, 1995",Chester,Pennsylvania
24691,"October 15, 1993",Lockport,Illinois
24721,"December 19, 1991",Webster,Texas
24853,"May 29, 1996",Clairton,Pennsylvania
24898,"May 10, 1996",Burnsville,Minnesota
24911,"April 4, 1993",Winfield,Illinois
24917,"May 8, 1985",Tomsk,Russia
25071,"February 6, 1996",Milwaukee,Wisconsin
25085,"November 5, 1995",Saskatoon,Canada
25140,"May 24, 1994",Baton Rouge,Louisiana
25185,"February 5, 1995",Bronx,New York
25220,"March 28, 1991",Savannah,Georgia
25233,"July 9, 1994",Dallas,Texas
25278,"April 6, 1993",Santo Domingo,Dominican Republic
25418,"December 15, 1995",Chicago,Illinois
25437,"December 9, 1995",New Orleans,Louisiana
25469,"August 12, 1991",Lancaster,Pennsylvania
25478,"August 8, 1994",Memphis,Tennessee
25540,"February 10, 1995",Little Rock,Arkansas
25549,"May 25, 1993",San Diego,California
25602,"May 16, 1990",Hico,Louisiana
25622,"September 15, 1993",Edmond,Oklahoma
25686,"March 17, 1994",Youngstown,Ohio
25782,"September 14, 1989",Birmingham,Alabama
25874,"August 7, 1987",Los Angeles,California
26010,"November 15, 1995",Edison,New Jersey
26031,"March 24, 1996",Bedford,Texas
26062,"August 16, 1996",Minneapolis,Minnesota
26131,"December 29, 1992",Chesapeake,Virginia
26256,"March 26, 1996",Houston,Texas
26267,"September 27, 1995",Long Beach,California
26286,"April 26, 1992",Los Angeles,California
26300,"June 27, 1992",Houston,Texas
23740,"March 30, 1993",Hays,Kansas
23742,"March 29, 1996",Belle Mead,New Jersey
23784,"November 26, 1996",Atlanta,Georgia
23794,"July 4, 1994",Charlotte,North Carolina
23852,"January 28, 1994",Kiev,Ukraine
23906,"December 11, 1992",Atlanta,Georgia
23925,"October 24, 1996",Oakland,California
24042,"July 2, 1997",Sacramento,California
24046,"November 1, 1992",Cincinnati,Ohio
24098,"March 23, 1993",Washington,District of Columbia
24174,"December 2, 1996",Muskegon,Michigan
24204,"March 11, 1989",Baltimore,Maryland
24217,"September 13, 1996",Kayes,Mali
24271,"March 18, 1994",New London,Connecticut
24305,"January 13, 1997",Rice Lake,Wisconsin
24316,"March 16, 1994",Yaounde,Cameroon
24352,"March 29, 1995",Detroit,Michigan
24362,"May 9, 1993",Indianapolis,Indiana
24368,"May 4, 1993",Portsmouth,Virginia
24380,"July 23, 1993",Lansing,Michigan
24429,"May 17, 1993",Buenos Aires,Argentina
24449,"June 5, 1992",Hartford,Connecticut
24457,"March 28, 1994",Miami,Florida
24460,"November 8, 1987",West Covina,California
24498,"October 29, 1993",Washington,District of Columbia
24614,"October 28, 1994",San Antonio,Texas
24662,"December 17, 1993",Freeport,Bahamas
24707,"June 7, 1993",Houston,Texas
24750,"September 2, 1997",Kinston,North Carolina
24762,"September 7, 1994",South Bend,Indiana
24773,"August 29, 1991",Las Vegas,Nevada
24822,"June 27, 1994",Salt Lake City,Utah
24873,"June 30, 1995",Galveston,Texas
24876,"February 15, 1997",Stone Mountain,Georgia
24986,"March 18, 1996",Port-Au-Prince,Haiti
25018,"March 7, 1994",Norwood,Massachusetts
25043,"August 25, 1994",Columbus,Ohio
25069,"January 29, 1993",Morgan City,Louisiana
25173,"October 25, 1995",St. Louis,Missouri
25200,"July 29, 1991",Landover,Maryland
25328,"September 19, 1996",Seattle,Washington
25329,"February 23, 1997",Kitchener,Canada
25355,"June 18, 1992",Sindia,Senegal
25372,"June 17, 1993",Lawrence,Massachusetts
25396,"January 14, 1993",Los Angeles,California
25411,"December 15, 1993",Baltimore,Maryland
25430,"November 1, 1996",Baltimore,Maryland
25482,"July 23, 1968",Oakland,California
25482,"December 1, 1992",Oakland,California
25524,"July 14, 1992",Fort Wayne,Indiana
25529,"October 15, 1995",Vienna,Austria
25551,"September 6, 1993",Savannah,Georgia
25570,"October 27, 1994",Savannah,Georgia
25584,"February 5, 1993",Rock Island,Illinois
25623,"January 5, 1996",Trenton,New Jersey
25702,"May 3, 1996",Portland,Oregon
25751,"September 30, 1994",Roxbury,Massachusetts
25774,"February 4, 1994",Douala,Cameroon
25891,"February 10, 1997",Milwaukee,Wisconsin
25932,"July 11, 1994",Hayward,California
25998,"October 10, 1994",Monroe,New York
26041,"January 5, 1996",Detroit,Michigan
26043,"May 19, 1993",Cedar Rapids,Iowa
26047,"November 16, 1993",Lansing,Michigan
26055,"February 25, 1994",Rockford,Illinois
26160,"August 13, 1992",Clearwater,Florida
26167,"March 8, 1995",Brooklyn,New York
26239,"December 30, 1994",Columbia,South Carolina
26252,"October 20, 1992",Portland,Oregon
26317,"September 9, 1996",Hendersonville,Tennessee
