player_id,player_name,first_name,last_name
18201,Alaa Abdelnaby,Alaa,Abdelnaby
18202,Mahmoud Abdul-Rauf,Mahmoud,Abdul-Rauf
18203,Tariq Abdul-Wahad,Tariq,Abdul-Wahad
18204,Shareef Abdur-Rahim,Shareef,Abdur-Rahim
18205,Alex Abrines,Alex,Abrines
18206,Alex Acker,Alex,Acker
18207,Mark Acres,Mark,Acres
18208,Quincy Acy,Quincy,Acy
18209,Hassan Adams,Hassan,Adams
18210,Jordan Adams,Jordan,Adams
18211,Michael Adams,Michael,Adams
18212,Steven Adams,Steven,Adams
18213,Rafael Addison,Rafael,Addison
18214,Bam Adebayo,Bam,Adebayo
18215,Jeff Adrien,Jeff,Adrien
18216,Arron Afflalo,Arron,Afflalo
18217,Maurice Ager,Maurice,Ager
18218,Mark Aguirre,Mark,Aguirre
18219,Blake Ahearn,Blake,Ahearn
18220,Danny Ainge,Danny,Ainge
18221,Alexis Ajinca,Alexis,Ajinca
18222,Josh Akognon,Josh,Akognon
18223,Solomon Alabi,Solomon,Alabi
18224,Mark Alarie,Mark,Alarie
18225,Furkan Aldemir,Furkan,Aldemir
18226,Cole Aldrich,Cole,Aldrich
18227,LaMarcus Aldridge,LaMarcus,Aldridge
18228,Chuck Aleksinas,Chuck,Aleksinas
18229,Cliff Alexander,Cliff,Alexander
18230,Cory Alexander,Cory,Alexander
18231,Courtney Alexander,Courtney,Alexander
18232,Gary Alexander,Gary,Alexander
18233,Joe Alexander,Joe,Alexander
18234,Victor Alexander,Victor,Alexander
18235,Steve Alford,Steve,Alford
18236,Jarrett Allen,Jarrett,Allen
18237,Jerome Allen,Jerome,Allen
18238,Kadeem Allen,Kadeem,Allen
18239,Lavoy Allen,Lavoy,Allen
18240,Malik Allen,Malik,Allen
18241,Randy Allen,Randy,Allen
18242,Ray Allen,Ray,Allen
18243,Tony Allen,Tony,Allen
18244,Lance Allred,Lance,Allred
18245,Darrell Allums,Darrell,Allums
18246,Morris Almond,Morris,Almond
18247,Derrick Alston,Derrick,Alston
18248,Rafer Alston,Rafer,Alston
18249,Peter Aluma,Peter,Aluma
18250,John Amaechi,John,Amaechi
18251,Ashraf Amaya,Ashraf,Amaya
18252,Al-Farouq Aminu,Al-Farouq,Aminu
18253,Lou Amundson,Lou,Amundson
18254,Chris Andersen,Chris,Andersen
18255,David Andersen,David,Andersen
18256,Alan Anderson,Alan,Anderson
18257,Antonio Anderson,Antonio,Anderson
18258,Derek Anderson,Derek,Anderson
18259,Dwight Anderson,Dwight,Anderson
18260,Eric Anderson,Eric,Anderson
18261,Greg Anderson,Greg,Anderson
18262,J.J. Anderson,J.J.,Anderson
18263,James Anderson,James,Anderson
18264,Justin Anderson,Justin,Anderson
18265,Kenny Anderson,Kenny,Anderson
18266,Kyle Anderson,Kyle,Anderson
18267,Michael Anderson,Michael,Anderson
18268,Nick Anderson,Nick,Anderson
18269,Richard Anderson,Richard,Anderson
18270,Ron Anderson,Ron,Anderson
18271,Ryan Anderson,Ryan,Anderson
18272,Shandon Anderson,Shandon,Anderson
18273,Willie Anderson,Willie,Anderson
18274,Martynas Andriuskevicius,Martynas,Andriuskevicius
18275,Ike Anigbogu,Ike,Anigbogu
18276,Michael Ansley,Michael,Ansley
18277,Chris Anstey,Chris,Anstey
18278,Giannis Antetokounmpo,Giannis,Antetokounmpo
18279,Thanasis Antetokounmpo,Thanasis,Antetokounmpo
18280,Carmelo Anthony,Carmelo,Anthony
18281,Greg Anthony,Greg,Anthony
18282,Joel Anthony,Joel,Anthony
18283,Pero Antic,Pero,Antic
18284,OG Anunoby,OG,Anunoby
18285,Keith Appling,Keith,Appling
18286,Rafael Araujo,Rafael,Araujo
18287,Robert Archibald,Robert,Archibald
18288,Ryan Arcidiacono,Ryan,Arcidiacono
18289,Gilbert Arenas,Gilbert,Arenas
18290,Trevor Ariza,Trevor,Ariza
18291,Joe Arlauckas,Joe,Arlauckas
18292,B.J. Armstrong,B.J.,Armstrong
18293,Brandon Armstrong,Brandon,Armstrong
18294,Darrell Armstrong,Darrell,Armstrong
18295,Hilton Armstrong,Hilton,Armstrong
18296,Carlos Arroyo,Carlos,Arroyo
18297,Darrell Arthur,Darrell,Arthur
18298,Jamel Artis,Jamel,Artis
18299,Omer Asik,Omer,Asik
18300,Vincent Askew,Vincent,Askew
18301,Keith Askins,Keith,Askins
18302,Chucky Atkins,Chucky,Atkins
18303,Stacey Augmon,Stacey,Augmon
18304,D.J. Augustin,D.J.,Augustin
18305,James Augustine,James,Augustine
18306,Isaac Austin,Isaac,Austin
18307,Ken Austin,Ken,Austin
18308,Anthony Avent,Anthony,Avent
18309,William Avery,William,Avery
18310,Gustavo Ayon,Gustavo,Ayon
18311,Jeff Ayres,Jeff,Ayres
18312,Kelenna Azubuike,Kelenna,Azubuike
18313,Chris Babb,Chris,Babb
18314,Luke Babbitt,Luke,Babbitt
18315,Milos Babic,Milos,Babic
18316,Dwayne Bacon,Dwayne,Bacon
18317,Dalibor Bagaric,Dalibor,Bagaric
18318,John Bagley,John,Bagley
18319,Carl Bailey,Carl,Bailey
18320,James Bailey,James,Bailey
18321,Thurl Bailey,Thurl,Bailey
18322,Toby Bailey,Toby,Bailey
18323,Cameron Bairstow,Cameron,Bairstow
18324,LaMark Baker,LaMark,Baker
18325,Maurice Baker,Maurice,Baker
18326,Ron Baker,Ron,Baker
18327,Vin Baker,Vin,Baker
18328,Wade Baldwin,Wade,Baldwin
18329,Renaldo Balkman,Renaldo,Balkman
18330,Cedric Ball,Cedric,Ball
18331,Lonzo Ball,Lonzo,Ball
18332,Gene Banks,Gene,Banks
18333,Marcus Banks,Marcus,Banks
18334,Ken Bannister,Ken,Bannister
18335,Leandro Barbosa,Leandro,Barbosa
18336,Steve Bardo,Steve,Bardo
18337,J.J. Barea,J.J.,Barea
18338,Andrea Bargnani,Andrea,Bargnani
18339,Charles Barkley,Charles,Barkley
18340,Erick Barkley,Erick,Barkley
18341,Harrison Barnes,Harrison,Barnes
18342,Matt Barnes,Matt,Barnes
18343,Andre Barrett,Andre,Barrett
18344,Earl Barron,Earl,Barron
18345,Dana Barros,Dana,Barros
18346,Brent Barry,Brent,Barry
18347,Drew Barry,Drew,Barry
18348,Jon Barry,Jon,Barry
18349,Will Barton,Will,Barton
18350,Eddie Basden,Eddie,Basden
18351,Brandon Bass,Brandon,Bass
18352,Maceo Baston,Maceo,Baston
18353,Mengke Bateer,Mengke,Bateer
18354,Billy Ray Bates,Billy,Ray Bates
18355,Esteban Batista,Esteban,Batista
18356,Mike Batiste,Mike,Batiste
18357,Tony Battie,Tony,Battie
18358,Shane Battier,Shane,Battier
18359,John Battle,John,Battle
18360,Kenny Battle,Kenny,Battle
18361,Dave Batton,Dave,Batton
18362,Nicolas Batum,Nicolas,Batum
18363,Lonny Baxter,Lonny,Baxter
18364,Jerryd Bayless,Jerryd,Bayless
18365,Aron Baynes,Aron,Baynes
18366,Sergei Bazarevich,Sergei,Bazarevich
18367,Kent Bazemore,Kent,Bazemore
18368,Bradley Beal,Bradley,Beal
18369,Jerome Beasley,Jerome,Beasley
18370,Malik Beasley,Malik,Beasley
18371,Michael Beasley,Michael,Beasley
18372,Rodrigue Beaubois,Rodrigue,Beaubois
18373,Corey Beck,Corey,Beck
18374,William Bedford,William,Bedford
18375,Marco Belinelli,Marco,Belinelli
18376,Charlie Bell,Charlie,Bell
18377,Jordan Bell,Jordan,Bell
18378,Raja Bell,Raja,Bell
18379,Troy Bell,Troy,Bell
18380,DeAndre' Bembry,DeAndre',Bembry
18381,Dragan Bender,Dragan,Bender
18382,Jonathan Bender,Jonathan,Bender
18383,Jerrelle Benimon,Jerrelle,Benimon
18384,Benoit Benjamin,Benoit,Benjamin
18385,Corey Benjamin,Corey,Benjamin
18386,Anthony Bennett,Anthony,Bennett
18387,Elmer Bennett,Elmer,Bennett
18388,Mario Bennett,Mario,Bennett
18389,Tony Bennett,Tony,Bennett
18390,Winston Bennett,Winston,Bennett
18391,David Benoit,David,Benoit
18392,Keith Benson,Keith,Benson
18393,Ben Bentil,Ben,Bentil
18394,Ricky Berry,Ricky,Berry
18395,Walter Berry,Walter,Berry
18396,Davis Bertans,Davis,Bertans
18397,Travis Best,Travis,Best
18398,Patrick Beverley,Patrick,Beverley
18399,Sim Bhullar,Sim,Bhullar
18400,Mike Bibby,Mike,Bibby
18401,Andris Biedrins,Andris,Biedrins
18402,Chauncey Billups,Chauncey,Billups
18403,Joe Binion,Joe,Binion
18404,Khem Birch,Khem,Birch
18405,Jabari Bird,Jabari,Bird
18406,Larry Bird,Larry,Bird
18407,Bismack Biyombo,Bismack,Biyombo
18408,Nemanja Bjelica,Nemanja,Bjelica
18409,Uwe Blab,Uwe,Blab
18410,Norman Black,Norman,Black
18411,Tarik Black,Tarik,Black
18412,Rolando Blackman,Rolando,Blackman
18413,Alex Blackwell,Alex,Blackwell
18414,Cory Blackwell,Cory,Blackwell
18415,James Blackwell,James,Blackwell
18416,Nate Blackwell,Nate,Blackwell
18417,DeJuan Blair,DeJuan,Blair
18418,Steve Blake,Steve,Blake
18419,Antonio Blakeney,Antonio,Blakeney
18420,Will Blalock,Will,Blalock
18421,Lance Blanks,Lance,Blanks
18422,Ricky Blanton,Ricky,Blanton
18423,Andray Blatche,Andray,Blatche
18424,Mookie Blaylock,Mookie,Blaylock
18425,Eric Bledsoe,Eric,Bledsoe
18426,Corie Blount,Corie,Blount
18427,Mark Blount,Mark,Blount
18428,Vander Blue,Vander,Blue
18429,Ray Blume,Ray,Blume
18430,Tony Bobbitt,Tony,Bobbitt
18431,Keith Bogans,Keith,Bogans
18432,Bogdan Bogdanovic,Bogdan,Bogdanovic
18433,Bojan Bogdanovic,Bojan,Bogdanovic
18434,Muggsy Bogues,Muggsy,Bogues
18435,Andrew Bogut,Andrew,Bogut
18436,Etdrick Bohannon,Etdrick,Bohannon
18437,Manute Bol,Manute,Bol
18438,Joel Bolomboy,Joel,Bolomboy
18439,Walter Bond,Walter,Bond
18440,Dexter Boney,Dexter,Boney
18441,Anthony Bonner,Anthony,Bonner
18442,Matt Bonner,Matt,Bonner
18443,Devin Booker,Devin,Booker
18444,Melvin Booker,Melvin,Booker
18445,Trevor Booker,Trevor,Booker
18446,Josh Boone,Josh,Boone
18447,Calvin Booth,Calvin,Booth
18448,Keith Booth,Keith,Booth
18449,Carlos Boozer,Carlos,Boozer
18450,Curtis Borchardt,Curtis,Borchardt
18451,Lazaro Borrell,Lazaro,Borrell
18452,Chris Bosh,Chris,Bosh
18453,Lawrence Boston,Lawrence,Boston
18454,Ruben Boumtje-Boumtje,Ruben,Boumtje-Boumtje
18455,Cal Bowdler,Cal,Bowdler
18456,Bruce Bowen,Bruce,Bowen
18457,Ryan Bowen,Ryan,Bowen
18458,Anthony Bowie,Anthony,Bowie
18459,Sam Bowie,Sam,Bowie
18460,Ira Bowman,Ira,Bowman
18461,Donnie Boyce,Donnie,Boyce
18462,Earl Boykins,Earl,Boykins
18463,Cedric Bozeman,Cedric,Bozeman
18464,Craig Brackins,Craig,Brackins
18465,Alex Bradley,Alex,Bradley
18466,Avery Bradley,Avery,Bradley
18467,Charles Bradley,Charles,Bradley
18468,Dudley Bradley,Dudley,Bradley
18469,Michael Bradley,Michael,Bradley
18470,Shawn Bradley,Shawn,Bradley
18471,Tony Bradley,Tony,Bradley
18472,Mark Bradtke,Mark,Bradtke
18473,Marques Bragg,Marques,Bragg
18474,Torraye Braggs,Torraye,Braggs
18475,A.J. Bramlett,A.J.,Bramlett
18476,Adrian Branch,Adrian,Branch
18477,Elton Brand,Elton,Brand
18478,Terrell Brandon,Terrell,Brandon
18479,Brad Branson,Brad,Branson
18480,Tim Breaux,Tim,Breaux
18481,J.R. Bremer,J.R.,Bremer
18482,Randy Breuer,Randy,Breuer
18483,Corey Brewer,Corey,Brewer
18484,Jamison Brewer,Jamison,Brewer
18485,Ronnie Brewer,Ronnie,Brewer
18486,Primoz Brezec,Primoz,Brezec
18487,Frank Brickowski,Frank,Brickowski
18488,Mike Brittain,Mike,Brittain
18489,Dave Britton,Dave,Britton
18490,Jon Brockman,Jon,Brockman
18491,Jim Brogan,Jim,Brogan
18492,Malcolm Brogdon,Malcolm,Brogdon
18493,Aaron Brooks,Aaron,Brooks
18494,Dillon Brooks,Dillon,Brooks
18495,Kevin Brooks,Kevin,Brooks
18496,MarShon Brooks,MarShon,Brooks
18497,Michael Brooks,Michael,Brooks
18498,Scott Brooks,Scott,Brooks
18499,Andre Brown,Andre,Brown
18500,Anthony Brown,Anthony,Brown
18501,Bobby Brown,Bobby,Brown
18502,Chucky Brown,Chucky,Brown
18503,Damone Brown,Damone,Brown
18504,Dee Brown,Dee,Brown
18505,Dee Brown,Dee,Brown
18506,Derrick Brown,Derrick,Brown
18507,Devin Brown,Devin,Brown
18508,Ernest Brown,Ernest,Brown
18509,Gerald Brown,Gerald,Brown
18510,Jabari Brown,Jabari,Brown
18511,Jaylen Brown,Jaylen,Brown
18512,Kedrick Brown,Kedrick,Brown
18513,Kwame Brown,Kwame,Brown
18514,Lewis Brown,Lewis,Brown
18515,Lorenzo Brown,Lorenzo,Brown
18516,Marcus Brown,Marcus,Brown
18517,Markel Brown,Markel,Brown
18518,Mike Brown,Mike,Brown
18519,Myron Brown,Myron,Brown
18520,P.J. Brown,P.J.,Brown
18521,Randy Brown,Randy,Brown
18522,Raymond Brown,Raymond,Brown
18523,Rickey Brown,Rickey,Brown
18524,Shannon Brown,Shannon,Brown
18525,Sterling Brown,Sterling,Brown
18526,Tierre Brown,Tierre,Brown
18527,Tony Brown,Tony,Brown
18528,Stanley Brundy,Stanley,Brundy
18529,Rick Brunson,Rick,Brunson
18530,Nicolas Brussino,Nicolas,Brussino
18531,Kobe Bryant,Kobe,Bryant
18532,Mark Bryant,Mark,Bryant
18533,Thomas Bryant,Thomas,Bryant
18534,Wallace Bryant,Wallace,Bryant
18535,Torgeir Bryn,Torgeir,Bryn
18536,Steve Bucknall,Steve,Bucknall
18537,Greg Buckner,Greg,Buckner
18538,Chase Budinger,Chase,Budinger
18539,Jud Buechler,Jud,Buechler
18540,Rodney Buford,Rodney,Buford
18541,Matt Bullard,Matt,Bullard
18542,Reggie Bullock,Reggie,Bullock
18543,Pat Burke,Pat,Burke
18544,Trey Burke,Trey,Burke
18545,Roger Burkman,Roger,Burkman
18546,Alec Burks,Alec,Burks
18547,Antonio Burks,Antonio,Burks
18548,Kevin Burleson,Kevin,Burleson
18549,David Burns,David,Burns
18550,Evers Burns,Evers,Burns
18551,Scott Burrell,Scott,Burrell
18552,Junior Burrough,Junior,Burrough
18553,Willie Burton,Willie,Burton
18554,Steve Burtt,Steve,Burtt
18555,Caron Butler,Caron,Butler
18556,Greg Butler,Greg,Butler
18557,Jackie Butler,Jackie,Butler
18558,Jimmy Butler,Jimmy,Butler
18559,Mitchell Butler,Mitchell,Butler
18560,Rasual Butler,Rasual,Butler
18561,Dwight Buycks,Dwight,Buycks
18562,Derrick Byars,Derrick,Byars
18563,Andrew Bynum,Andrew,Bynum
18564,Will Bynum,Will,Bynum
18565,Zarko Cabarkapa,Zarko,Cabarkapa
18566,Bruno Caboclo,Bruno,Caboclo
18567,Jason Caffey,Jason,Caffey
18568,Michael Cage,Michael,Cage
18569,Nick Calathes,Nick,Calathes
18570,Jose Calderon,Jose,Calderon
18571,Adrian Caldwell,Adrian,Caldwell
18572,Kentavious Caldwell-Pope,Kentavious,Caldwell-Pope
18573,Demetrius Calip,Demetrius,Calip
18574,Rick Calloway,Rick,Calloway
18575,Dexter Cambridge,Dexter,Cambridge
18576,Marcus Camby,Marcus,Camby
18577,Elden Campbell,Elden,Campbell
18578,Tony Campbell,Tony,Campbell
18579,Isaiah Canaan,Isaiah,Canaan
18580,Clint Capela,Clint,Capela
18581,Derrick Caracter,Derrick,Caracter
18582,Brian Cardinal,Brian,Cardinal
18583,Geno Carlisle,Geno,Carlisle
18584,Rick Carlisle,Rick,Carlisle
18585,Rodney Carney,Rodney,Carney
18586,Antoine Carr,Antoine,Carr
18587,Chris Carr,Chris,Carr
18588,Cory Carr,Cory,Carr
18589,DeMarre Carroll,DeMarre,Carroll
18590,Joe Barry Carroll,Joe,Barry Carroll
18591,Matt Carroll,Matt,Carroll
18592,Jimmy Carruth,Jimmy,Carruth
18593,Anthony Carter,Anthony,Carter
18594,Butch Carter,Butch,Carter
18595,Howard Carter,Howard,Carter
18596,Maurice Carter,Maurice,Carter
18597,Reggie Carter,Reggie,Carter
18598,Vince Carter,Vince,Carter
18599,Michael Carter-Williams,Michael,Carter-Williams
18600,Bill Cartwright,Bill,Cartwright
18601,Alex Caruso,Alex,Caruso
18602,Sam Cassell,Sam,Cassell
18603,Omri Casspi,Omri,Casspi
18604,Terry Catledge,Terry,Catledge
18605,Kelvin Cato,Kelvin,Cato
18606,Bobby Cattage,Bobby,Cattage
18607,Willie Cauley-Stein,Willie,Cauley-Stein
18608,Duane Causwell,Duane,Causwell
18609,Tyler Cavanaugh,Tyler,Cavanaugh
18610,Ron Cavenall,Ron,Cavenall
18611,Cedric Ceballos,Cedric,Ceballos
18612,John Celestand,John,Celestand
18613,Lionel Chalmers,Lionel,Chalmers
18614,Mario Chalmers,Mario,Chalmers
18615,Tom Chambers,Tom,Chambers
18616,Mike Champion,Mike,Champion
18617,Tyson Chandler,Tyson,Chandler
18618,Wilson Chandler,Wilson,Chandler
18619,Rex Chapman,Rex,Chapman
18620,Lorenzo Charles,Lorenzo,Charles
18621,Calbert Cheaney,Calbert,Cheaney
18622,Will Cherry,Will,Cherry
18623,Derrick Chievous,Derrick,Chievous
18624,Pete Chilcutt,Pete,Chilcutt
18625,Josh Childress,Josh,Childress
18626,Randolph Childress,Randolph,Childress
18627,Chris Childs,Chris,Childs
18628,Marquese Chriss,Marquese,Chriss
18629,Doug Christie,Doug,Christie
18630,Dionte Christmas,Dionte,Christmas
18631,Rakeem Christmas,Rakeem,Christmas
18632,Semaj Christon,Semaj,Christon
18633,Patrick Christopher,Patrick,Christopher
18634,Robert Churchwell,Robert,Churchwell
18635,Carlos Clark,Carlos,Clark
18636,Earl Clark,Earl,Clark
18637,Ian Clark,Ian,Clark
18638,Keon Clark,Keon,Clark
18639,Coty Clarke,Coty,Clarke
18640,Jordan Clarkson,Jordan,Clarkson
18641,Gian Clavell,Gian,Clavell
18642,Victor Claver,Victor,Claver
18643,Charles Claxton,Charles,Claxton
18644,Speedy Claxton,Speedy,Claxton
18645,Mateen Cleaves,Mateen,Cleaves
18646,Antonius Cleveland,Antonius,Cleveland
18647,Keith Closs,Keith,Closs
18648,Richard Coffey,Richard,Coffey
18649,Fred Cofield,Fred,Cofield
18650,John Coker,John,Coker
18651,Norris Cole,Norris,Cole
18652,Ben Coleman,Ben,Coleman
18653,Derrick Coleman,Derrick,Coleman
18654,Norris Coleman,Norris,Coleman
18655,Bimbo Coles,Bimbo,Coles
18656,Jason Collier,Jason,Collier
18657,Art Collins,Art,Collins
18658,Don Collins,Don,Collins
18659,James Collins,James,Collins
18660,Jarron Collins,Jarron,Collins
18661,Jason Collins,Jason,Collins
18662,John Collins,John,Collins
18663,Mardy Collins,Mardy,Collins
18664,Sherron Collins,Sherron,Collins
18665,Zach Collins,Zach,Collins
18666,Kyle Collinsworth,Kyle,Collinsworth
18667,Darren Collison,Darren,Collison
18668,Nick Collison,Nick,Collison
18669,Sean Colson,Sean,Colson
18670,Steve Colter,Steve,Colter
18671,Leroy Combs,Leroy,Combs
18672,Dallas Comegys,Dallas,Comegys
18673,Mike Conley,Mike,Conley
18674,Marty Conlon,Marty,Conlon
18675,Pat Connaughton,Pat,Connaughton
18676,Lester Conner,Lester,Conner
18677,Will Conroy,Will,Conroy
18678,Anthony Cook,Anthony,Cook
18679,Brian Cook,Brian,Cook
18680,Daequan Cook,Daequan,Cook
18681,Darwin Cook,Darwin,Cook
18682,Jeff Cook,Jeff,Cook
18683,Omar Cook,Omar,Cook
18684,Quinn Cook,Quinn,Cook
18685,Charles Cooke,Charles,Cooke
18686,David Cooke,David,Cooke
18687,Jack Cooley,Jack,Cooley
18688,Duane Cooper,Duane,Cooper
18689,Joe Cooper,Joe,Cooper
18690,Tom Copa,Tom,Copa
18691,Chris Copeland,Chris,Copeland
18692,Hollis Copeland,Hollis,Copeland
18693,Lanard Copeland,Lanard,Copeland
18694,Tyrone Corbin,Tyrone,Corbin
18695,Chris Corchiani,Chris,Corchiani
18696,Matt Costello,Matt,Costello
18697,Bryce Cotton,Bryce,Cotton
18698,James Cotton,James,Cotton
18699,John Coughran,John,Coughran
18700,Joe Courtney,Joe,Courtney
18701,Marcus Cousin,Marcus,Cousin
18702,DeMarcus Cousins,DeMarcus,Cousins
18703,Robert Covington,Robert,Covington
18704,Chubby Cox,Chubby,Cox
18705,Allen Crabbe,Allen,Crabbe
18706,Torrey Craig,Torrey,Craig
18707,Chris Crawford,Chris,Crawford
18708,Jamal Crawford,Jamal,Crawford
18709,Joe Crawford,Joe,Crawford
18710,Jordan Crawford,Jordan,Crawford
18711,Ron Crevier,Ron,Crevier
18712,Joe Crispin,Joe,Crispin
18713,Winston Crite,Winston,Crite
18714,Javaris Crittenton,Javaris,Crittenton
18715,Terry Crosby,Terry,Crosby
18716,Austin Croshere,Austin,Croshere
18717,Jeff Cross,Jeff,Cross
18718,Russell Cross,Russell,Cross
18719,John Crotty,John,Crotty
18720,Corey Crowder,Corey,Crowder
18721,Jae Crowder,Jae,Crowder
18722,Pat Cummings,Pat,Cummings
18723,Terry Cummings,Terry,Cummings
18724,Vonteego Cummings,Vonteego,Cummings
18725,Dante Cunningham,Dante,Cunningham
18726,Jared Cunningham,Jared,Cunningham
18727,William Cunningham,William,Cunningham
18728,Radisav Curcic,Radisav,Curcic
18729,Earl Cureton,Earl,Cureton
18730,Bill Curley,Bill,Curley
18731,Dell Curry,Dell,Curry
18732,Eddy Curry,Eddy,Curry
18733,JamesOn Curry,JamesOn,Curry
18734,Michael Curry,Michael,Curry
18735,Seth Curry,Seth,Curry
18736,Stephen Curry,Stephen,Curry
18737,Rastko Cvetkovic,Rastko,Cvetkovic
18738,Quintin Dailey,Quintin,Dailey
18739,Samuel Dalembert,Samuel,Dalembert
18740,Erick Dampier,Erick,Dampier
18741,Antonio Daniels,Antonio,Daniels
18742,Erik Daniels,Erik,Daniels
18743,Lloyd Daniels,Lloyd,Daniels
18744,Marquis Daniels,Marquis,Daniels
18745,Troy Daniels,Troy,Daniels
18746,Sasha Danilovic,Sasha,Danilovic
18747,Yinka Dare,Yinka,Dare
18748,Luigi Datome,Luigi,Datome
18749,Brad Daugherty,Brad,Daugherty
18750,Kornel David,Kornel,David
18751,Jermareo Davidson,Jermareo,Davidson
18752,Brandon Davies,Brandon,Davies
18753,Anthony Davis,Anthony,Davis
18754,Antonio Davis,Antonio,Davis
18755,Baron Davis,Baron,Davis
18756,Ben Davis,Ben,Davis
18757,Brian Davis,Brian,Davis
18758,Charles Davis,Charles,Davis
18759,Dale Davis,Dale,Davis
18760,Deyonta Davis,Deyonta,Davis
18761,Ed Davis,Ed,Davis
18762,Emanual Davis,Emanual,Davis
18763,Glen Davis,Glen,Davis
18764,Hubert Davis,Hubert,Davis
18765,Josh Davis,Josh,Davis
18766,Mark Davis,Mark,Davis
18767,Mark Davis,Mark,Davis
18768,Mike Davis,Mike,Davis
18769,Monti Davis,Monti,Davis
18770,Paul Davis,Paul,Davis
18771,Ricky Davis,Ricky,Davis
18772,Terry Davis,Terry,Davis
18773,Andre Dawkins,Andre,Dawkins
18774,Johnny Dawkins,Johnny,Dawkins
18775,Paul Dawkins,Paul,Dawkins
18776,Branden Dawson,Branden,Dawson
18777,Eric Dawson,Eric,Dawson
18778,Tony Dawson,Tony,Dawson
18779,Todd Day,Todd,Day
18780,Austin Daye,Austin,Daye
18781,Darren Daye,Darren,Daye
18782,Nando De Colo,Nando,De Colo
18783,Greg Deane,Greg,Deane
18784,Andrew DeClercq,Andrew,DeClercq
18785,Dewayne Dedmon,Dewayne,Dedmon
18786,Terry Dehere,Terry,Dehere
18787,Bryce Dejean-Jones,Bryce,Dejean-Jones
18788,Sam Dekker,Sam,Dekker
18789,Vinny Del Negro,Vinny,Del Negro
18790,Malcolm Delaney,Malcolm,Delaney
18791,Bison Dele,Bison,Dele
18792,Carlos Delfino,Carlos,Delfino
18793,Tony Delk,Tony,Delk
18794,Matthew Dellavedova,Matthew,Dellavedova
18795,Fennis Dembo,Fennis,Dembo
18796,Larry Demic,Larry,Demic
18797,Dell Demps,Dell,Demps
18798,Luol Deng,Luol,Deng
18799,Kenny Dennard,Kenny,Dennard
18800,Justin Dentmon,Justin,Dentmon
18801,DeMar DeRozan,DeMar,DeRozan
18802,Derrick Dial,Derrick,Dial
18803,Cheick Diallo,Cheick,Diallo
18804,Boris Diaw,Boris,Diaw
18805,Yakhouba Diawara,Yakhouba,Diawara
18806,Guillermo Diaz,Guillermo,Diaz
18807,Dan Dickau,Dan,Dickau
18808,Kaniel Dickens,Kaniel,Dickens
18809,Michael Dickerson,Michael,Dickerson
18810,Travis Diener,Travis,Diener
18811,Gorgui Dieng,Gorgui,Dieng
18812,Mickey Dillard,Mickey,Dillard
18813,Byron Dinkins,Byron,Dinkins
18814,Spencer Dinwiddie,Spencer,Dinwiddie
18815,Ike Diogu,Ike,Diogu
18816,DeSagana Diop,DeSagana,Diop
18817,Vlade Divac,Vlade,Divac
18818,Juan Dixon,Juan,Dixon
18819,Aleksandar Djordjevic,Aleksandar,Djordjevic
18820,Michael Doleac,Michael,Doleac
18821,James Donaldson,James,Donaldson
18822,Billy Donovan,Billy,Donovan
18823,Keyon Dooling,Keyon,Dooling
18824,Joey Dorsey,Joey,Dorsey
18825,Tyler Dorsey,Tyler,Dorsey
18826,Damyean Dotson,Damyean,Dotson
18827,Quincy Douby,Quincy,Douby
18828,Bruce Douglas,Bruce,Douglas
18829,John Douglas,John,Douglas
18830,Sherman Douglas,Sherman,Douglas
18831,Toney Douglas,Toney,Douglas
18832,Chris Douglas-Roberts,Chris,Douglas-Roberts
18833,Zabian Dowdell,Zabian,Dowdell
18834,Terry Dozier,Terry,Dozier
18835,Goran Dragic,Goran,Dragic
18836,Zoran Dragic,Zoran,Dragic
18837,Greg Dreiling,Greg,Dreiling
18838,Bryce Drew,Bryce,Drew
18839,Larry Drew,Larry,Drew
18840,Larry Drew,Larry,Drew
18841,Clyde Drexler,Clyde,Drexler
18842,Nate Driggers,Nate,Driggers
18843,Predrag Drobnjak,Predrag,Drobnjak
18844,Ralph Drollinger,Ralph,Drollinger
18845,Andre Drummond,Andre,Drummond
18846,Kevin Duckworth,Kevin,Duckworth
18847,Chris Dudley,Chris,Dudley
18848,Jared Dudley,Jared,Dudley
18849,Terry Duerod,Terry,Duerod
18850,Chris Duhon,Chris,Duhon
18851,Duje Dukan,Duje,Dukan
18852,Joe Dumars,Joe,Dumars
18853,Richard Dumas,Richard,Dumas
18854,Tony Dumas,Tony,Dumas
18855,Tim Duncan,Tim,Duncan
18856,Mike Dunleavy,Mike,Dunleavy
18857,Kris Dunn,Kris,Dunn
18858,Ronald Dupree,Ronald,Dupree
18859,Kevin Durant,Kevin,Durant
18860,John Duren,John,Duren
18861,Pat Durham,Pat,Durham
18862,Devin Durrant,Devin,Durrant
18863,Craig Dykema,Craig,Dykema
18864,Jerome Dyson,Jerome,Dyson
18865,Ledell Eackles,Ledell,Eackles
18866,Acie Earl,Acie,Earl
18867,Cleanthony Early,Cleanthony,Early
18868,Mark Eaton,Mark,Eaton
18869,Jerry Eaves,Jerry,Eaves
18870,Devin Ebanks,Devin,Ebanks
18871,Ndudi Ebi,Ndudi,Ebi
18872,Jarell Eddie,Jarell,Eddie
18873,Patrick Eddie,Patrick,Eddie
18874,Kenton Edelin,Kenton,Edelin
18875,Keith Edmonson,Keith,Edmonson
18876,Tyus Edney,Tyus,Edney
18877,Bill Edwards,Bill,Edwards
18878,Blue Edwards,Blue,Edwards
18879,Corsley Edwards,Corsley,Edwards
18880,Doug Edwards,Doug,Edwards
18881,Franklin Edwards,Franklin,Edwards
18882,Jay Edwards,Jay,Edwards
18883,John Edwards,John,Edwards
18884,Kevin Edwards,Kevin,Edwards
18885,Shane Edwards,Shane,Edwards
18886,Craig Ehlo,Craig,Ehlo
18887,Howard Eisley,Howard,Eisley
18888,Obinna Ekezie,Obinna,Ekezie
18889,Khalid El-Amin,Khalid,El-Amin
18890,Mario Elie,Mario,Elie
18891,Henry Ellenson,Henry,Ellenson
18892,Wayne Ellington,Wayne,Ellington
18893,Sean Elliott,Sean,Elliott
18894,Dale Ellis,Dale,Ellis
18895,Harold Ellis,Harold,Ellis
18896,LaPhonso Ellis,LaPhonso,Ellis
18897,LeRon Ellis,LeRon,Ellis
18898,Monta Ellis,Monta,Ellis
18899,Pervis Ellison,Pervis,Ellison
18900,Francisco Elson,Francisco,Elson
18901,Melvin Ely,Melvin,Ely
18902,Joel Embiid,Joel,Embiid
18903,Andre Emmett,Andre,Emmett
18904,Chris Engler,Chris,Engler
18905,Wayne Englestad,Wayne,Englestad
18906,A.J. English,A.J.,English
18907,Jo Jo English,Jo,Jo English
18908,Kim English,Kim,English
18909,James Ennis,James,Ennis
18910,Tyler Ennis,Tyler,Ennis
18911,Semih Erden,Semih,Erden
18912,Evan Eschmeyer,Evan,Eschmeyer
18913,Vincenzo Esposito,Vincenzo,Esposito
18914,Brian Evans,Brian,Evans
18915,Earl Evans,Earl,Evans
18916,Jawun Evans,Jawun,Evans
18917,Jeremy Evans,Jeremy,Evans
18918,Maurice Evans,Maurice,Evans
18919,Mike Evans,Mike,Evans
18920,Reggie Evans,Reggie,Evans
18921,Tyreke Evans,Tyreke,Evans
18922,Daniel Ewing,Daniel,Ewing
18923,Patrick Ewing,Patrick,Ewing
18924,Patrick Ewing,Patrick,Ewing
18925,Dante Exum,Dante,Exum
18926,Christian Eyenga,Christian,Eyenga
18927,Festus Ezeli,Festus,Ezeli
18928,Kenneth Faried,Kenneth,Faried
18929,Jordan Farmar,Jordan,Farmar
18930,Desmon Farmer,Desmon,Farmer
18931,Jim Farmer,Jim,Farmer
18932,Tony Farmer,Tony,Farmer
18933,Vitor Faverani,Vitor,Faverani
18934,Derrick Favors,Derrick,Favors
18935,Nick Fazekas,Nick,Fazekas
18936,Jamie Feick,Jamie,Feick
18937,Dave Feitl,Dave,Feitl
18938,Kay Felder,Kay,Felder
18939,Cristiano Felicio,Cristiano,Felicio
18940,Carrick Felix,Carrick,Felix
18941,Noel Felix,Noel,Felix
18942,Raymond Felton,Raymond,Felton
18943,Desmond Ferguson,Desmond,Ferguson
18944,Terrance Ferguson,Terrance,Ferguson
18945,Rudy Fernandez,Rudy,Fernandez
18946,Rolando Ferreira,Rolando,Ferreira
18947,Duane Ferrell,Duane,Ferrell
18948,Yogi Ferrell,Yogi,Ferrell
18949,Danny Ferry,Danny,Ferry
18950,Kyrylo Fesenko,Kyrylo,Fesenko
18951,Kenny Fields,Kenny,Fields
18952,Landry Fields,Landry,Fields
18953,Michael Finley,Michael,Finley
18954,Dorian Finney-Smith,Dorian,Finney-Smith
18955,Matt Fish,Matt,Fish
18956,Derek Fisher,Derek,Fisher
18957,Gerald Fitch,Gerald,Fitch
18958,Marcus Fizer,Marcus,Fizer
18959,Vern Fleming,Vern,Fleming
18960,Luis Flores,Luis,Flores
18961,Bruce Flowers,Bruce,Flowers
18962,Sleepy Floyd,Sleepy,Floyd
18963,Jonny Flynn,Jonny,Flynn
18964,Isaac Fontaine,Isaac,Fontaine
18965,Jeff Foote,Jeff,Foote
18966,Bryn Forbes,Bryn,Forbes
18967,Gary Forbes,Gary,Forbes
18968,Alphonso Ford,Alphonso,Ford
18969,Alton Ford,Alton,Ford
18970,Sharrod Ford,Sharrod,Ford
18971,Sherell Ford,Sherell,Ford
18972,T.J. Ford,T.J.,Ford
18973,Joseph Forte,Joseph,Forte
18974,Courtney Fortson,Courtney,Fortson
18975,Danny Fortson,Danny,Fortson
18976,Greg Foster,Greg,Foster
18977,Jeff Foster,Jeff,Foster
18978,Rod Foster,Rod,Foster
18979,Antonis Fotsis,Antonis,Fotsis
18980,Evan Fournier,Evan,Fournier
18981,Tremaine Fowlkes,Tremaine,Fowlkes
18982,De'Aaron Fox,De'Aaron,Fox
18983,Rick Fox,Rick,Fox
18984,Randy Foye,Randy,Foye
18985,Adonal Foyle,Adonal,Foyle
18986,Richie Frahm,Richie,Frahm
18987,Steve Francis,Steve,Francis
18988,Tellis Frank,Tellis,Frank
18989,Jamaal Franklin,Jamaal,Franklin
18990,Tim Frazier,Tim,Frazier
18991,Anthony Frederick,Anthony,Frederick
18992,Jimmer Fredette,Jimmer,Fredette
18993,Joel Freeland,Joel,Freeland
18994,Matt Freije,Matt,Freije
18995,Channing Frye,Channing,Frye
18996,Hiram Fuller,Hiram,Fuller
18997,Todd Fuller,Todd,Fuller
18998,Tony Fuller,Tony,Fuller
18999,Markelle Fultz,Markelle,Fultz
19000,Lawrence Funderburke,Lawrence,Funderburke
19001,Dan Gadzuric,Dan,Gadzuric
19002,Deng Gai,Deng,Gai
19003,Corey Gaines,Corey,Gaines
19004,Reece Gaines,Reece,Gaines
19005,Sundiata Gaines,Sundiata,Gaines
19006,Chad Gallagher,Chad,Gallagher
19007,Danilo Gallinari,Danilo,Gallinari
19008,Langston Galloway,Langston,Galloway
19009,Kevin Gamble,Kevin,Gamble
19010,Jorge Garbajosa,Jorge,Garbajosa
19011,Ruben Garces,Ruben,Garces
19012,Alex Garcia,Alex,Garcia
19013,Francisco Garcia,Francisco,Garcia
19014,Thomas Gardner,Thomas,Gardner
19015,Patricio Garino,Patricio,Garino
19016,Gary Garland,Gary,Garland
19017,Winston Garland,Winston,Garland
19018,Chris Garner,Chris,Garner
19019,Bill Garnett,Bill,Garnett
19020,Kevin Garnett,Kevin,Garnett
19021,Marlon Garnett,Marlon,Garnett
19022,Calvin Garrett,Calvin,Garrett
19023,Dean Garrett,Dean,Garrett
19024,Diante Garrett,Diante,Garrett
19025,Tom Garrick,Tom,Garrick
19026,John Garris,John,Garris
19027,Kiwane Garris,Kiwane,Garris
19028,Pat Garrity,Pat,Garrity
19029,Marc Gasol,Marc,Gasol
19030,Pau Gasol,Pau,Gasol
19031,Chris Gatling,Chris,Gatling
19032,Kenny Gattison,Kenny,Gattison
19033,Rudy Gay,Rudy,Gay
19034,Andrew Gaze,Andrew,Gaze
19035,Michael Gbinije,Michael,Gbinije
19036,Reggie Geary,Reggie,Geary
19037,Alonzo Gee,Alonzo,Gee
19038,Matt Geiger,Matt,Geiger
19039,Mickael Gelabale,Mickael,Gelabale
19040,Devean George,Devean,George
19041,Paul George,Paul,George
19042,Tate George,Tate,George
19043,Marcus Georges-Hunt,Marcus,Georges-Hunt
19044,Derrick Gervin,Derrick,Gervin
19045,Daniel Gibson,Daniel,Gibson
19046,Jonathan Gibson,Jonathan,Gibson
19047,Mike Gibson,Mike,Gibson
19048,Taj Gibson,Taj,Gibson
19049,J.R. Giddens,J.R.,Giddens
19050,Trey Gilder,Trey,Gilder
19051,Eddie Gill,Eddie,Gill
19052,Kendall Gill,Kendall,Gill
19053,Ben Gillery,Ben,Gillery
19054,Armen Gilliam,Armen,Gilliam
19055,Manu Ginobili,Manu,Ginobili
19056,Gordan Giricek,Gordan,Giricek
19057,Mickell Gladness,Mickell,Gladness
19058,Gerald Glass,Gerald,Glass
19059,Georgi Glouchkov,Georgi,Glouchkov
19060,Dion Glover,Dion,Glover
19061,Andreas Glyniadakis,Andreas,Glyniadakis
19062,Mike Gminski,Mike,Gminski
19063,Rudy Gobert,Rudy,Gobert
19064,Dan Godfread,Dan,Godfread
19065,Anthony Goldwire,Anthony,Goldwire
19066,Ryan Gomes,Ryan,Gomes
19067,Grant Gondrezick,Grant,Gondrezick
19068,Drew Gooden,Drew,Gooden
19069,Steve Goodrich,Steve,Goodrich
19070,Archie Goodwin,Archie,Goodwin
19071,Aaron Gordon,Aaron,Gordon
19072,Ben Gordon,Ben,Gordon
19073,Drew Gordon,Drew,Gordon
19074,Eric Gordon,Eric,Gordon
19075,Lancaster Gordon,Lancaster,Gordon
19076,Marcin Gortat,Marcin,Gortat
19077,Andrew Goudelock,Andrew,Goudelock
19078,Ricky Grace,Ricky,Grace
19079,Greg Graham,Greg,Graham
19080,Joey Graham,Joey,Graham
19081,Orlando Graham,Orlando,Graham
19082,Paul Graham,Paul,Graham
19083,Stephen Graham,Stephen,Graham
19084,Treveon Graham,Treveon,Graham
19085,Jim Grandholm,Jim,Grandholm
19086,Ron Grandison,Ron,Grandison
19087,Danny Granger,Danny,Granger
19088,Stewart Granger,Stewart,Granger
19089,Brian Grant,Brian,Grant
19090,Gary Grant,Gary,Grant
19091,Greg Grant,Greg,Grant
19092,Harvey Grant,Harvey,Grant
19093,Horace Grant,Horace,Grant
19094,Jerami Grant,Jerami,Grant
19095,Jerian Grant,Jerian,Grant
19096,Josh Grant,Josh,Grant
19097,Paul Grant,Paul,Grant
19098,Butch Graves,Butch,Graves
19099,Aaron Gray,Aaron,Gray
19100,Devin Gray,Devin,Gray
19101,Ed Gray,Ed,Gray
19102,Evric Gray,Evric,Gray
19103,Stuart Gray,Stuart,Gray
19104,Sylvester Gray,Sylvester,Gray
19105,Jeff Grayer,Jeff,Grayer
19106,A.C. Green,A.C.,Green
19107,Danny Green,Danny,Green
19108,Devin Green,Devin,Green
19109,Draymond Green,Draymond,Green
19110,Erick Green,Erick,Green
19111,Gerald Green,Gerald,Green
19112,JaMychal Green,JaMychal,Green
19113,Jeff Green,Jeff,Green
19114,Ken Green,Ken,Green
19115,Kenny Green,Kenny,Green
19116,Litterial Green,Litterial,Green
19117,Sean Green,Sean,Green
19118,Sidney Green,Sidney,Green
19119,Taurean Green,Taurean,Green
19120,Willie Green,Willie,Green
19121,Donte Greene,Donte,Greene
19122,Orien Greene,Orien,Greene
19123,Dave Greenwood,Dave,Greenwood
19124,Lynn Greer,Lynn,Greer
19125,Claude Gregory,Claude,Gregory
19126,John Greig,John,Greig
19127,Adrian Griffin,Adrian,Griffin
19128,Blake Griffin,Blake,Griffin
19129,Eddie Griffin,Eddie,Griffin
19130,Taylor Griffin,Taylor,Griffin
19131,Darrell Griffith,Darrell,Griffith
19132,Derek Grimm,Derek,Grimm
19133,Anthony Grundy,Anthony,Grundy
19134,Petur Gudmundsson,Petur,Gudmundsson
19135,Tom Gugliotta,Tom,Gugliotta
19136,Andres Guibert,Andres,Guibert
19137,Jay Guidinger,Jay,Guidinger
19138,Jorge Gutierrez,Jorge,Gutierrez
19139,A.J. Guyton,A.J.,Guyton
19140,Hamed Haddadi,Hamed,Haddadi
19141,Scott Haffner,Scott,Haffner
19142,Glenn Hagan,Glenn,Hagan
19143,Malik Hairston,Malik,Hairston
19144,P.J. Hairston,P.J.,Hairston
19145,Marcus Haislip,Marcus,Haislip
19146,Jack Haley,Jack,Haley
19147,Mike Hall,Mike,Hall
19148,Darvin Ham,Darvin,Ham
19149,Steve Hamer,Steve,Hamer
19150,Daniel Hamilton,Daniel,Hamilton
19151,Jordan Hamilton,Jordan,Hamilton
19152,Justin Hamilton,Justin,Hamilton
19153,Richard Hamilton,Richard,Hamilton
19154,Roy Hamilton,Roy,Hamilton
19155,Tang Hamilton,Tang,Hamilton
19156,Thomas Hamilton,Thomas,Hamilton
19157,Zendon Hamilton,Zendon,Hamilton
19158,Geert Hammink,Geert,Hammink
19159,Tom Hammonds,Tom,Hammonds
19160,A.J. Hammons,A.J.,Hammons
19161,Darrin Hancock,Darrin,Hancock
19162,Ben Handlogten,Ben,Handlogten
19163,Ben Hansbrough,Ben,Hansbrough
19164,Tyler Hansbrough,Tyler,Hansbrough
19165,Bob Hansen,Bob,Hansen
19166,Travis Hansen,Travis,Hansen
19167,Reggie Hanson,Reggie,Hanson
19168,Bill Hanzlik,Bill,Hanzlik
19169,Luke Harangody,Luke,Harangody
19170,Anfernee Hardaway,Anfernee,Hardaway
19171,Tim Hardaway,Tim,Hardaway
19172,Tim Hardaway,Tim,Hardaway
19173,James Harden,James,Harden
19174,Alan Hardy,Alan,Hardy
19175,Maurice Harkless,Maurice,Harkless
19176,Jerome Harmon,Jerome,Harmon
19177,Derek Harper,Derek,Harper
19178,Justin Harper,Justin,Harper
19179,Mike Harper,Mike,Harper
19180,Ron Harper,Ron,Harper
19181,Matt Harpring,Matt,Harpring
19182,Montrezl Harrell,Montrezl,Harrell
19183,Josh Harrellson,Josh,Harrellson
19184,Adam Harrington,Adam,Harrington
19185,Al Harrington,Al,Harrington
19186,Junior Harrington,Junior,Harrington
19187,Othella Harrington,Othella,Harrington
19188,Devin Harris,Devin,Harris
19189,Elias Harris,Elias,Harris
19190,Gary Harris,Gary,Harris
19191,Joe Harris,Joe,Harris
19192,Lucious Harris,Lucious,Harris
19193,Manny Harris,Manny,Harris
19194,Mike Harris,Mike,Harris
19195,Steve Harris,Steve,Harris
19196,Terrel Harris,Terrel,Harris
19197,Tobias Harris,Tobias,Harris
19198,Tony Harris,Tony,Harris
19199,Aaron Harrison,Aaron,Harrison
19200,Andrew Harrison,Andrew,Harrison
19201,David Harrison,David,Harrison
19202,Jason Hart,Jason,Hart
19203,Josh Hart,Josh,Hart
19204,Antonio Harvey,Antonio,Harvey
19205,Donnell Harvey,Donnell,Harvey
19206,Scott Haskin,Scott,Haskin
19207,Udonis Haslem,Udonis,Haslem
19208,Trenton Hassell,Trenton,Hassell
19209,Scott Hastings,Scott,Hastings
19210,Kirk Haston,Kirk,Haston
19211,Spencer Hawes,Spencer,Hawes
19212,Hersey Hawkins,Hersey,Hawkins
19213,Juaquin Hawkins,Juaquin,Hawkins
19214,Michael Hawkins,Michael,Hawkins
19215,Chuck Hayes,Chuck,Hayes
19216,Jarvis Hayes,Jarvis,Hayes
19217,Steve Hayes,Steve,Hayes
19218,Gordon Hayward,Gordon,Hayward
19219,Lazar Hayward,Lazar,Hayward
19220,Brendan Haywood,Brendan,Haywood
19221,Luther Head,Luther,Head
19222,Shane Heal,Shane,Heal
19223,Alvin Heggs,Alvin,Heggs
19224,Alan Henderson,Alan,Henderson
19225,Cedric Henderson,Cedric,Henderson
19226,Cedric Henderson,Cedric,Henderson
19227,Dave Henderson,Dave,Henderson
19228,Gerald Henderson,Gerald,Henderson
19229,Gerald Henderson,Gerald,Henderson
19230,J.R. Henderson,J.R.,Henderson
19231,Jerome Henderson,Jerome,Henderson
19232,Kevin Henderson,Kevin,Henderson
19233,Mark Hendrickson,Mark,Hendrickson
19234,Carl Henry,Carl,Henry
19235,Conner Henry,Conner,Henry
19236,Skeeter Henry,Skeeter,Henry
19237,Xavier Henry,Xavier,Henry
19238,John Henson,John,Henson
19239,Steve Henson,Steve,Henson
19240,Juan Hernangomez,Juan,Hernangomez
19241,Willy Hernangomez,Willy,Hernangomez
19242,Chris Herren,Chris,Herren
19243,Carl Herrera,Carl,Herrera
19244,Walter Herrmann,Walter,Herrmann
19245,Mario Hezonja,Mario,Hezonja
19246,Roy Hibbert,Roy,Hibbert
19247,J.J. Hickson,J.J.,Hickson
19248,Buddy Hield,Buddy,Hield
19249,Cory Higgins,Cory,Higgins
19250,Mike Higgins,Mike,Higgins
19251,Rod Higgins,Rod,Higgins
19252,Sean Higgins,Sean,Higgins
19253,Johnny High,Johnny,High
19254,Nene Hilario,Nene,Hilario
19255,George Hill,George,Hill
19256,Grant Hill,Grant,Hill
19257,Jordan Hill,Jordan,Hill
19258,Solomon Hill,Solomon,Hill
19259,Steven Hill,Steven,Hill
19260,Tyrone Hill,Tyrone,Hill
19261,Darrun Hilliard,Darrun,Hilliard
19262,Kirk Hinrich,Kirk,Hinrich
19263,Roy Hinson,Roy,Hinson
19264,Robert Hite,Robert,Hite
19265,Darington Hobson,Darington,Hobson
19266,Donald Hodge,Donald,Hodge
19267,Julius Hodge,Julius,Hodge
19268,Craig Hodges,Craig,Hodges
19269,Fred Hoiberg,Fred,Hoiberg
19270,Randy Holcomb,Randy,Holcomb
19271,Jrue Holiday,Jrue,Holiday
19272,Justin Holiday,Justin,Holiday
19273,Brad Holland,Brad,Holland
19274,John Holland,John,Holland
19275,Ryan Hollins,Ryan,Hollins
19276,Rondae Hollis-Jefferson,Rondae,Hollis-Jefferson
19277,Richaun Holmes,Richaun,Holmes
19278,Mike Holton,Mike,Holton
19279,Jerald Honeycutt,Jerald,Honeycutt
19280,Tyler Honeycutt,Tyler,Honeycutt
19281,Derek Hood,Derek,Hood
19282,Rodney Hood,Rodney,Hood
19283,Dave Hoppen,Dave,Hoppen
19284,Dennis Hopson,Dennis,Hopson
19285,Scotty Hopson,Scotty,Hopson
19286,Cedrick Hordges,Cedrick,Hordges
19287,Al Horford,Al,Horford
19288,Tito Horford,Tito,Horford
19289,Jeff Hornacek,Jeff,Hornacek
19290,Dennis Horner,Dennis,Horner
19291,Robert Horry,Robert,Horry
19292,Ed Horton,Ed,Horton
19293,Danuel House,Danuel,House
19294,Eddie House,Eddie,House
19295,Allan Houston,Allan,Houston
19296,Byron Houston,Byron,Houston
19297,Tom Hovasse,Tom,Hovasse
19298,Brian Howard,Brian,Howard
19299,Dwight Howard,Dwight,Howard
19300,Josh Howard,Josh,Howard
19301,Juwan Howard,Juwan,Howard
19302,Stephen Howard,Stephen,Howard
19303,Phil Hubbard,Phil,Hubbard
19304,Lester Hudson,Lester,Hudson
19305,Troy Hudson,Troy,Hudson
19306,Marcelo Huertas,Marcelo,Huertas
19307,Josh Huestis,Josh,Huestis
19308,Nate Huffman,Nate,Huffman
19309,Alfredrick Hughes,Alfredrick,Hughes
19310,Eddie Hughes,Eddie,Hughes
19311,Larry Hughes,Larry,Hughes
19312,Rick Hughes,Rick,Hughes
19313,Robbie Hummel,Robbie,Hummel
19314,Ryan Humphrey,Ryan,Humphrey
19315,Jay Humphries,Jay,Humphries
19316,Kris Humphries,Kris,Humphries
19317,Brandon Hunter,Brandon,Hunter
19318,Cedric Hunter,Cedric,Hunter
19319,Chris Hunter,Chris,Hunter
19320,Lindsey Hunter,Lindsey,Hunter
19321,Othello Hunter,Othello,Hunter
19322,R.J. Hunter,R.J.,Hunter
19323,Steven Hunter,Steven,Hunter
19324,Vince Hunter,Vince,Hunter
19325,Bobby Hurley,Bobby,Hurley
19326,Geoff Huston,Geoff,Huston
19327,Marc Iavaroni,Marc,Iavaroni
19328,Serge Ibaka,Serge,Ibaka
19329,Andre Iguodala,Andre,Iguodala
19330,Zydrunas Ilgauskas,Zydrunas,Ilgauskas
19331,Mile Ilic,Mile,Ilic
19332,Didier Ilunga-Mbenga,Didier,Ilunga-Mbenga
19333,Ersan Ilyasova,Ersan,Ilyasova
19334,Joe Ingles,Joe,Ingles
19335,Damien Inglis,Damien,Inglis
19336,Brandon Ingram,Brandon,Ingram
19337,Byron Irvin,Byron,Irvin
19338,Kyrie Irving,Kyrie,Irving
19339,Jonathan Isaac,Jonathan,Isaac
19340,Mike Iuzzolino,Mike,Iuzzolino
19341,Allen Iverson,Allen,Iverson
19342,Royal Ivey,Royal,Ivey
19343,Wesley Iwundu,Wesley,Iwundu
19344,Jarrett Jack,Jarrett,Jack
19345,Bobby Jackson,Bobby,Jackson
19346,Cedric Jackson,Cedric,Jackson
19347,Darnell Jackson,Darnell,Jackson
19348,Demetrius Jackson,Demetrius,Jackson
19349,Jaren Jackson,Jaren,Jackson
19350,Jermaine Jackson,Jermaine,Jackson
19351,Jim Jackson,Jim,Jackson
19352,Josh Jackson,Josh,Jackson
19353,Justin Jackson,Justin,Jackson
19354,Luke Jackson,Luke,Jackson
19355,Marc Jackson,Marc,Jackson
19356,Mark Jackson,Mark,Jackson
19357,Michael Jackson,Michael,Jackson
19358,Myron Jackson,Myron,Jackson
19359,Pierre Jackson,Pierre,Jackson
19360,Ralph Jackson,Ralph,Jackson
19361,Randell Jackson,Randell,Jackson
19362,Reggie Jackson,Reggie,Jackson
19363,Stanley Jackson,Stanley,Jackson
19364,Stephen Jackson,Stephen,Jackson
19365,Tony Jackson,Tony,Jackson
19366,Tracy Jackson,Tracy,Jackson
19367,Casey Jacobsen,Casey,Jacobsen
19368,Sam Jacobson,Sam,Jacobson
19369,Dave Jamerson,Dave,Jamerson
19370,Bernard James,Bernard,James
19371,Damion James,Damion,James
19372,Henry James,Henry,James
19373,Jerome James,Jerome,James
19374,LeBron James,LeBron,James
19375,Mike James,Mike,James
19376,Mike James,Mike,James
19377,Tim James,Tim,James
19378,Antawn Jamison,Antawn,Jamison
19379,Harold Jamison,Harold,Jamison
19380,Marko Jaric,Marko,Jaric
19381,Sarunas Jasikevicius,Sarunas,Jasikevicius
19382,Nathan Jawai,Nathan,Jawai
19383,Abdul Jeelani,Abdul,Jeelani
19384,Chris Jefferies,Chris,Jefferies
19385,Othyus Jeffers,Othyus,Jeffers
19386,Al Jefferson,Al,Jefferson
19387,Cory Jefferson,Cory,Jefferson
19388,Dontell Jefferson,Dontell,Jefferson
19389,Richard Jefferson,Richard,Jefferson
19390,Jared Jeffries,Jared,Jeffries
19391,Charles Jenkins,Charles,Jenkins
19392,Horace Jenkins,Horace,Jenkins
19393,John Jenkins,John,Jenkins
19394,Brandon Jennings,Brandon,Jennings
19395,Keith Jennings,Keith,Jennings
19396,Chris Jent,Chris,Jent
19397,Les Jepsen,Les,Jepsen
19398,Jonas Jerebko,Jonas,Jerebko
19399,Grant Jerrett,Grant,Jerrett
19400,Eugene Jeter,Eugene,Jeter
19401,Yi Jianlian,Yi,Jianlian
19402,Britton Johnsen,Britton,Johnsen
19403,Alexander Johnson,Alexander,Johnson
19404,Amir Johnson,Amir,Johnson
19405,Anthony Johnson,Anthony,Johnson
19406,Armon Johnson,Armon,Johnson
19407,Avery Johnson,Avery,Johnson
19408,Brice Johnson,Brice,Johnson
19409,Buck Johnson,Buck,Johnson
19410,Carldell Johnson,Carldell,Johnson
19411,Cheese Johnson,Cheese,Johnson
19412,Chris Johnson,Chris,Johnson
19413,Chris Johnson,Chris,Johnson
19414,Clay Johnson,Clay,Johnson
19415,Dakari Johnson,Dakari,Johnson
19416,Darryl Johnson,Darryl,Johnson
19417,Dave Johnson,Dave,Johnson
19418,DeMarco Johnson,DeMarco,Johnson
19419,DerMarr Johnson,DerMarr,Johnson
19420,Eddie Johnson,Eddie,Johnson
19421,Eric Johnson,Eric,Johnson
19422,Ervin Johnson,Ervin,Johnson
19423,Frank Johnson,Frank,Johnson
19424,Ivan Johnson,Ivan,Johnson
19425,JaJuan Johnson,JaJuan,Johnson
19426,James Johnson,James,Johnson
19427,Joe Johnson,Joe,Johnson
19428,Kannard Johnson,Kannard,Johnson
19429,Ken Johnson,Ken,Johnson
19430,Ken Johnson,Ken,Johnson
19431,Kevin Johnson,Kevin,Johnson
19432,Larry Johnson,Larry,Johnson
19433,Lee Johnson,Lee,Johnson
19434,Linton Johnson,Linton,Johnson
19435,Magic Johnson,Magic,Johnson
19436,Nick Johnson,Nick,Johnson
19437,Orlando Johnson,Orlando,Johnson
19438,Reggie Johnson,Reggie,Johnson
19439,Stanley Johnson,Stanley,Johnson
19440,Steffond Johnson,Steffond,Johnson
19441,Steve Johnson,Steve,Johnson
19442,Trey Johnson,Trey,Johnson
19443,Tyler Johnson,Tyler,Johnson
19444,Vinnie Johnson,Vinnie,Johnson
19445,Wesley Johnson,Wesley,Johnson
19446,Darius Johnson-Odom,Darius,Johnson-Odom
19447,Nate Johnston,Nate,Johnston
19448,Jim Johnstone,Jim,Johnstone
19449,Nikola Jokic,Nikola,Jokic
19450,Alvin Jones,Alvin,Jones
19451,Anthony Jones,Anthony,Jones
19452,Askia Jones,Askia,Jones
19453,Bill Jones,Bill,Jones
19454,Bobby Jones,Bobby,Jones
19455,Charles Jones,Charles,Jones
19456,Charles Jones,Charles,Jones
19457,Charles Jones,Charles,Jones
19458,Dahntay Jones,Dahntay,Jones
19459,Damian Jones,Damian,Jones
19460,Damon Jones,Damon,Jones
19461,DeQuan Jones,DeQuan,Jones
19462,Derrick Jones,Derrick,Jones
19463,Dominique Jones,Dominique,Jones
19464,Dontae' Jones,Dontae',Jones
19465,Dwayne Jones,Dwayne,Jones
19466,Earl Jones,Earl,Jones
19467,Eddie Jones,Eddie,Jones
19468,Edgar Jones,Edgar,Jones
19469,Fred Jones,Fred,Jones
19470,Hutch Jones,Hutch,Jones
19471,Jalen Jones,Jalen,Jones
19472,James Jones,James,Jones
19473,Jumaine Jones,Jumaine,Jones
19474,Kevin Jones,Kevin,Jones
19475,Major Jones,Major,Jones
19476,Mark Jones,Mark,Jones
19477,Mark Jones,Mark,Jones
19478,Ozell Jones,Ozell,Jones
19479,Perry Jones,Perry,Jones
19480,Popeye Jones,Popeye,Jones
19481,Shelton Jones,Shelton,Jones
19482,Solomon Jones,Solomon,Jones
19483,Terrence Jones,Terrence,Jones
19484,Tyus Jones,Tyus,Jones
19485,Adonis Jordan,Adonis,Jordan
19486,DeAndre Jordan,DeAndre,Jordan
19487,Jerome Jordan,Jerome,Jordan
19488,Michael Jordan,Michael,Jordan
19489,Reggie Jordan,Reggie,Jordan
19490,Thomas Jordan,Thomas,Jordan
19491,Walter Jordan,Walter,Jordan
19492,Cory Joseph,Cory,Joseph
19493,Garth Joseph,Garth,Joseph
19494,Kris Joseph,Kris,Joseph
19495,Yvon Joseph,Yvon,Joseph
19496,Chris Kaman,Chris,Kaman
19497,Frank Kaminsky,Frank,Kaminsky
19498,Enes Kanter,Enes,Kanter
19499,Jason Kapono,Jason,Kapono
19500,Sergey Karasev,Sergey,Karasev
19501,Coby Karl,Coby,Karl
19502,Mario Kasun,Mario,Kasun
19503,Sasha Kaun,Sasha,Kaun
19504,Clarence Kea,Clarence,Kea
19505,Adam Keefe,Adam,Keefe
19506,Harold Keeling,Harold,Keeling
19507,Clark Kellogg,Clark,Kellogg
19508,Ryan Kelly,Ryan,Kelly
19509,Greg Kelser,Greg,Kelser
19510,Shawn Kemp,Shawn,Kemp
19511,Tim Kempton,Tim,Kempton
19512,Luke Kennard,Luke,Kennard
19513,D.J. Kennedy,D.J.,Kennedy
19514,Jonathan Kerner,Jonathan,Kerner
19515,Steve Kerr,Steve,Kerr
19516,Jerome Kersey,Jerome,Kersey
19517,Alec Kessler,Alec,Kessler
19518,Lari Ketner,Lari,Ketner
19519,Randolph Keys,Randolph,Keys
19520,Viktor Khryapa,Viktor,Khryapa
19521,Jason Kidd,Jason,Kidd
19522,Warren Kidd,Warren,Kidd
19523,Michael Kidd-Gilchrist,Michael,Kidd-Gilchrist
19524,Irv Kiffin,Irv,Kiffin
19525,Carl Kilpatrick,Carl,Kilpatrick
19526,Sean Kilpatrick,Sean,Kilpatrick
19527,Bo Kimble,Bo,Kimble
19528,Stan Kimbrough,Stan,Kimbrough
19529,Chad Kinch,Chad,Kinch
19530,Albert King,Albert,King
19531,Chris King,Chris,King
19532,Frankie King,Frankie,King
19533,Gerard King,Gerard,King
19534,Jimmy King,Jimmy,King
19535,Reggie King,Reggie,King
19536,Rich King,Rich,King
19537,Stacey King,Stacey,King
19538,Tarence Kinsey,Tarence,Kinsey
19539,Andrei Kirilenko,Andrei,Kirilenko
19540,Alex Kirk,Alex,Kirk
19541,Curtis Kitchen,Curtis,Kitchen
19542,Greg Kite,Greg,Kite
19543,Kerry Kittles,Kerry,Kittles
19544,Maxi Kleber,Maxi,Kleber
19545,Joe Kleine,Joe,Kleine
19546,Linas Kleiza,Linas,Kleiza
19547,Brandin Knight,Brandin,Knight
19548,Brandon Knight,Brandon,Knight
19549,Brevin Knight,Brevin,Knight
19550,Negele Knight,Negele,Knight
19551,Travis Knight,Travis,Knight
19552,Bart Kofoed,Bart,Kofoed
19553,Jon Koncak,Jon,Koncak
19554,Joe Kopicki,Joe,Kopicki
19555,Furkan Korkmaz,Furkan,Korkmaz
19556,Frank Kornet,Frank,Kornet
19557,Yaroslav Korolev,Yaroslav,Korolev
19558,Kyle Korver,Kyle,Korver
19559,Kosta Koufos,Kosta,Koufos
19560,Arvid Kramer,Arvid,Kramer
19561,Viacheslav Kravtsov,Viacheslav,Kravtsov
19562,Wayne Kreklow,Wayne,Kreklow
19563,Nenad Krstic,Nenad,Krstic
19564,Larry Krystkowiak,Larry,Krystkowiak
19565,Bruce Kuczenski,Bruce,Kuczenski
19566,Toni Kukoc,Toni,Kukoc
19567,Rob Kurz,Rob,Kurz
19568,Ibo Kutluay,Ibo,Kutluay
19569,Kyle Kuzma,Kyle,Kuzma
19570,Ognjen Kuzmic,Ognjen,Kuzmic
19571,Mindaugas Kuzminskas,Mindaugas,Kuzminskas
19572,Skal Labissiere,Skal,Labissiere
19573,Christian Laettner,Christian,Laettner
19574,Oliver Lafayette,Oliver,Lafayette
19575,Raef LaFrentz,Raef,LaFrentz
19576,Bill Laimbeer,Bill,Laimbeer
19577,Doron Lamb,Doron,Lamb
19578,Jeremy Lamb,Jeremy,Lamb
19579,Jeff Lamp,Jeff,Lamp
19580,Maciej Lampe,Maciej,Lampe
19581,Jim Lampley,Jim,Lampley
19582,Sean Lampley,Sean,Lampley
19583,Carl Landry,Carl,Landry
19584,Marcus Landry,Marcus,Landry
19585,Jerome Lane,Jerome,Lane
19586,Andrew Lang,Andrew,Lang
19587,Antonio Lang,Antonio,Lang
19588,James Lang,James,Lang
19589,Trajan Langdon,Trajan,Langdon
19590,Keith Langford,Keith,Langford
19591,Dan Langhi,Dan,Langhi
19592,Nicolas Laprovittola,Nicolas,Laprovittola
19593,Shane Larkin,Shane,Larkin
19594,Rusty LaRue,Rusty,LaRue
19595,Stephane Lasme,Stephane,Lasme
19596,Priest Lauderdale,Priest,Lauderdale
19597,Joffrey Lauvergne,Joffrey,Lauvergne
19598,Zach LaVine,Zach,LaVine
19599,Acie Law,Acie,Law
19600,Gani Lawal,Gani,Lawal
19601,Edmund Lawrence,Edmund,Lawrence
19602,Jason Lawson,Jason,Lawson
19603,Ty Lawson,Ty,Lawson
19604,Jake Layman,Jake,Layman
19605,T.J. Leaf,T.J.,Leaf
19606,Allen Leavell,Allen,Leavell
19607,Jeff Lebo,Jeff,Lebo
19608,Eric Leckner,Eric,Leckner
19609,Ricky Ledo,Ricky,Ledo
19610,Courtney Lee,Courtney,Lee
19611,David Lee,David,Lee
19612,Doug Lee,Doug,Lee
19613,Keith Lee,Keith,Lee
19614,Kurk Lee,Kurk,Lee
19615,Malcolm Lee,Malcolm,Lee
19616,Rock Lee,Rock,Lee
19617,Tim Legler,Tim,Legler
19618,Alex Len,Alex,Len
19619,Voshon Lenard,Voshon,Lenard
19620,Gary Leonard,Gary,Leonard
19621,Kawhi Leonard,Kawhi,Leonard
19622,Meyers Leonard,Meyers,Leonard
19623,Jim Les,Jim,Les
19624,Travis Leslie,Travis,Leslie
19625,Ronnie Lester,Ronnie,Lester
19626,Clifford Lett,Clifford,Lett
19627,Jon Leuer,Jon,Leuer
19628,Fat Lever,Fat,Lever
19629,Caris LeVert,Caris,LeVert
19630,Cliff Levingston,Cliff,Levingston
19631,Cedric Lewis,Cedric,Lewis
19632,Martin Lewis,Martin,Lewis
19633,Quincy Lewis,Quincy,Lewis
19634,Ralph Lewis,Ralph,Lewis
19635,Rashard Lewis,Rashard,Lewis
19636,Reggie Lewis,Reggie,Lewis
19637,Marcus Liberty,Marcus,Liberty
19638,Todd Lichti,Todd,Lichti
19639,DeAndre Liggins,DeAndre,Liggins
19640,Damian Lillard,Damian,Lillard
19641,Jeremy Lin,Jeremy,Lin
19642,Steve Lingenfelter,Steve,Lingenfelter
19643,Alton Lister,Alton,Lister
19644,Randy Livingston,Randy,Livingston
19645,Shaun Livingston,Shaun,Livingston
19646,Horacio Llamas Grey,Horacio,Llamas Grey
19647,Lewis Lloyd,Lewis,Lloyd
19648,Rob Lock,Rob,Lock
19649,Darrell Lockhart,Darrell,Lockhart
19650,Ian Lockhart,Ian,Lockhart
19651,Kevin Loder,Kevin,Loder
19652,Brad Lohaus,Brad,Lohaus
19653,Art Long,Art,Long
19654,Grant Long,Grant,Long
19655,Shawn Long,Shawn,Long
19656,Luc Longley,Luc,Longley
19657,Kevon Looney,Kevon,Looney
19658,Brook Lopez,Brook,Lopez
19659,Felipe Lopez,Felipe,Lopez
19660,Raul Lopez,Raul,Lopez
19661,Robin Lopez,Robin,Lopez
19662,Ryan Lorthridge,Ryan,Lorthridge
19663,Kevin Love,Kevin,Love
19664,Sidney Lowe,Sidney,Lowe
19665,Kyle Lowry,Kyle,Lowry
19666,Kalin Lucas,Kalin,Lucas
19667,John Lucas III,John,Lucas III
19668,Tyronn Lue,Tyronn,Lue
19669,Timothe Luwawu-Cabarrot,Timothe,Luwawu-Cabarrot
19670,Tyler Lydon,Tyler,Lydon
19671,Trey Lyles,Trey,Lyles
19672,George Lynch,George,Lynch
19673,Kevin Lynch,Kevin,Lynch
19674,Sheldon Mac,Sheldon,Mac
19675,Todd MacCulloch,Todd,MacCulloch
19676,Scott Machado,Scott,Machado
19677,Arvydas Macijauskas,Arvydas,Macijauskas
19678,Ollie Mack,Ollie,Mack
19679,Sam Mack,Sam,Mack
19680,Shelvin Mack,Shelvin,Mack
19681,Malcolm Mackey,Malcolm,Mackey
19682,Rudy Macklin,Rudy,Macklin
19683,Vernon Macklin,Vernon,Macklin
19684,Don MacLean,Don,MacLean
19685,Mark Macon,Mark,Macon
19686,Kyle Macy,Kyle,Macy
19687,Tito Maddox,Tito,Maddox
19688,Gerald Madkins,Gerald,Madkins
19689,Mark Madsen,Mark,Madsen
19690,Josh Magette,Josh,Magette
19691,Corey Maggette,Corey,Maggette
19692,Dave Magley,Dave,Magley
19693,Jamaal Magloire,Jamaal,Magloire
19694,Ian Mahinmi,Ian,Mahinmi
19695,Rick Mahorn,Rick,Mahorn
19696,Dan Majerle,Dan,Majerle
19697,Renaldo Major,Renaldo,Major
19698,Thon Maker,Thon,Maker
19699,Jeff Malone,Jeff,Malone
19700,Karl Malone,Karl,Malone
19701,Matt Maloney,Matt,Maloney
19702,Steve Malovic,Steve,Malovic
19703,Danny Manning,Danny,Manning
19704,Rich Manning,Rich,Manning
19705,Pace Mannion,Pace,Mannion
19706,Devyn Marble,Devyn,Marble
19707,Roy Marble,Roy,Marble
19708,Stephon Marbury,Stephon,Marbury
19709,Sarunas Marciulionis,Sarunas,Marciulionis
19710,Shawn Marion,Shawn,Marion
19711,Boban Marjanovic,Boban,Marjanovic
19712,Lauri Markkanen,Lauri,Markkanen
19713,Damir Markota,Damir,Markota
19714,Sean Marks,Sean,Marks
19715,Donny Marshall,Donny,Marshall
19716,Donyell Marshall,Donyell,Marshall
19717,Kendall Marshall,Kendall,Marshall
19718,Rawle Marshall,Rawle,Marshall
19719,Bill Martin,Bill,Martin
19720,Bob Martin,Bob,Martin
19721,Brian Martin,Brian,Martin
19722,Cartier Martin,Cartier,Martin
19723,Cuonzo Martin,Cuonzo,Martin
19724,Darrick Martin,Darrick,Martin
19725,Fernando Martin,Fernando,Martin
19726,Jarell Martin,Jarell,Martin
19727,Jeff Martin,Jeff,Martin
19728,Kenyon Martin,Kenyon,Martin
19729,Kevin Martin,Kevin,Martin
19730,Maurice Martin,Maurice,Martin
19731,Jamal Mashburn,Jamal,Mashburn
19732,Anthony Mason,Anthony,Mason
19733,Desmond Mason,Desmond,Mason
19734,Frank Mason,Frank,Mason
19735,Roger Mason,Roger,Mason
19736,Tony Massenburg,Tony,Massenburg
19737,Mangok Mathiang,Mangok,Mathiang
19738,Wes Matthews,Wes,Matthews
19739,Wesley Matthews,Wesley,Matthews
19740,Marlon Maxey,Marlon,Maxey
19741,Jason Maxiell,Jason,Maxiell
19742,Vernon Maxwell,Vernon,Maxwell
19743,Sean May,Sean,May
19744,Lee Mayberry,Lee,Mayberry
19745,Tharon Mayes,Tharon,Mayes
19746,Bill Mayfield,Bill,Mayfield
19747,Eric Maynor,Eric,Maynor
19748,O.J. Mayo,O.J.,Mayo
19749,Travis Mays,Travis,Mays
19750,Luc Mbah a Moute,Luc,Mbah a Moute
19751,James Michael McAdoo,James,Michael McAdoo
19752,Ray McCallum,Ray,McCallum
19753,Bob McCann,Bob,McCann
19754,Mel McCants,Mel,McCants
19755,Rashad McCants,Rashad,McCants
19756,Kelly McCarty,Kelly,McCarty
19757,Walter McCarty,Walter,McCarty
19758,Amal McCaskill,Amal,McCaskill
19759,Patrick McCaw,Patrick,McCaw
19760,Dwayne McClain,Dwayne,McClain
19761,Dan McClintock,Dan,McClintock
19762,George McCloud,George,McCloud
19763,C.J. McCollum,C.J.,McCollum
19764,T.J. McConnell,T.J.,McConnell
19765,Keith McCord,Keith,McCord
19766,Tim McCormick,Tim,McCormick
19767,Jelani McCoy,Jelani,McCoy
19768,Chris McCray,Chris,McCray
19769,Rodney McCray,Rodney,McCray
19770,Scooter McCray,Scooter,McCray
19771,Chris McCullough,Chris,McCullough
19772,John McCullough,John,McCullough
19773,Clint McDaniel,Clint,McDaniel
19774,Xavier McDaniel,Xavier,McDaniel
19775,K.J. McDaniels,K.J.,McDaniels
19776,Doug McDermott,Doug,McDermott
19777,Ben McDonald,Ben,McDonald
19778,Michael McDonald,Michael,McDonald
19779,Hank McDowell,Hank,McDowell
19780,Antonio McDyess,Antonio,McDyess
19781,Ivan McFarlin,Ivan,McFarlin
19782,Mitch McGary,Mitch,McGary
19783,JaVale McGee,JaVale,McGee
19784,Mike McGee,Mike,McGee
19785,Tracy McGrady,Tracy,McGrady
19786,Rodney McGruder,Rodney,McGruder
19787,Dominic McGuire,Dominic,McGuire
19788,Kevin McHale,Kevin,McHale
19789,Jim McIlvaine,Jim,McIlvaine
19790,Jeff McInnis,Jeff,McInnis
19791,Kevin McKenna,Kevin,McKenna
19792,Forrest McKenzie,Forrest,McKenzie
19793,Derrick McKey,Derrick,McKey
19794,Aaron McKie,Aaron,McKie
19795,Carlton McKinney,Carlton,McKinney
19796,Alfonzo McKinnie,Alfonzo,McKinnie
19797,Ben McLemore,Ben,McLemore
19798,Keith McLeod,Keith,McLeod
19799,Roshown McLeod,Roshown,McLeod
19800,Nate McMillan,Nate,McMillan
19801,Mark McNamara,Mark,McNamara
19802,Jerel McNeal,Jerel,McNeal
19803,Chris McNealy,Chris,McNealy
19804,Paul McPherson,Paul,McPherson
19805,Cozell McQueen,Cozell,McQueen
19806,Jordan McRae,Jordan,McRae
19807,Josh McRoberts,Josh,McRoberts
19808,Stanislav Medvedenko,Stanislav,Medvedenko
19809,Darnell Mee,Darnell,Mee
19810,Jodie Meeks,Jodie,Meeks
19811,Scott Meents,Scott,Meents
19812,Salah Mejri,Salah,Mejri
19813,Gal Mekel,Gal,Mekel
19814,Fab Melo,Fab,Melo
19815,Pops Mensah-Bonsu,Pops,Mensah-Bonsu
19816,Ron Mercer,Ron,Mercer
19817,Loren Meyer,Loren,Meyer
19818,Larry Micheaux,Larry,Micheaux
19819,Jordan Mickey,Jordan,Mickey
19820,Khris Middleton,Khris,Middleton
19821,Chris Mihm,Chris,Mihm
19822,Aaron Miles,Aaron,Miles
19823,C.J. Miles,C.J.,Miles
19824,Darius Miles,Darius,Miles
19825,Marko Milic,Marko,Milic
19826,Darko Milicic,Darko,Milicic
19827,Andre Miller,Andre,Miller
19828,Anthony Miller,Anthony,Miller
19829,Bob Miller,Bob,Miller
19830,Brad Miller,Brad,Miller
19831,Darius Miller,Darius,Miller
19832,Dick Miller,Dick,Miller
19833,Malcolm Miller,Malcolm,Miller
19834,Mike Miller,Mike,Miller
19835,Oliver Miller,Oliver,Miller
19836,Quincy Miller,Quincy,Miller
19837,Reggie Miller,Reggie,Miller
19838,Chris Mills,Chris,Mills
19839,Patty Mills,Patty,Mills
19840,Terry Mills,Terry,Mills
19841,Elijah Millsap,Elijah,Millsap
19842,Paul Millsap,Paul,Millsap
19843,Harold Miner,Harold,Miner
19844,Yao Ming,Yao,Ming
19845,Dirk Minniefield,Dirk,Minniefield
19846,Greg Minor,Greg,Minor
19847,Nikola Mirotic,Nikola,Mirotic
19848,Jason Miskiri,Jason,Miskiri
19849,Donovan Mitchell,Donovan,Mitchell
19850,Sam Mitchell,Sam,Mitchell
19851,Todd Mitchell,Todd,Mitchell
19852,Tony Mitchell,Tony,Mitchell
19853,Tony Mitchell,Tony,Mitchell
19854,Cuttino Mobley,Cuttino,Mobley
19855,Eric Mobley,Eric,Mobley
19856,Nazr Mohammed,Nazr,Mohammed
19857,Jerome Moiso,Jerome,Moiso
19858,Paul Mokeski,Paul,Mokeski
19859,Sidney Moncrief,Sidney,Moncrief
19860,Sergei Monia,Sergei,Monia
19861,Malik Monk,Malik,Monk
19862,Greg Monroe,Greg,Monroe
19863,Rodney Monroe,Rodney,Monroe
19864,Luis Montero,Luis,Montero
19865,Eric Montross,Eric,Montross
19866,Jamario Moon,Jamario,Moon
19867,Andre Moore,Andre,Moore
19868,E'Twaun Moore,E'Twaun,Moore
19869,Johnny Moore,Johnny,Moore
19870,Lowes Moore,Lowes,Moore
19871,Mikki Moore,Mikki,Moore
19872,Ron Moore,Ron,Moore
19873,Tracy Moore,Tracy,Moore
19874,Eric Moreland,Eric,Moreland
19875,Guy Morgan,Guy,Morgan
19876,Darren Morningstar,Darren,Morningstar
19877,Chris Morris,Chris,Morris
19878,Darius Morris,Darius,Morris
19879,Isaiah Morris,Isaiah,Morris
19880,Marcus Morris,Marcus,Morris
19881,Markieff Morris,Markieff,Morris
19882,Monte Morris,Monte,Morris
19883,Randolph Morris,Randolph,Morris
19884,Terence Morris,Terence,Morris
19885,Adam Morrison,Adam,Morrison
19886,Mike Morrison,Mike,Morrison
19887,Anthony Morrow,Anthony,Morrow
19888,Dwayne Morton,Dwayne,Morton
19889,John Morton,John,Morton
19890,Richard Morton,Richard,Morton
19891,Perry Moss,Perry,Moss
19892,Lawrence Moten,Lawrence,Moten
19893,Donatas Motiejunas,Donatas,Motiejunas
19894,Johnathan Motley,Johnathan,Motley
19895,Hanno Mottola,Hanno,Mottola
19896,Arnett Moultrie,Arnett,Moultrie
19897,Alonzo Mourning,Alonzo,Mourning
19898,Timofey Mozgov,Timofey,Mozgov
19899,Emmanuel Mudiay,Emmanuel,Mudiay
19900,Shabazz Muhammad,Shabazz,Muhammad
19901,Byron Mullens,Byron,Mullens
19902,Chris Mullin,Chris,Mullin
19903,Todd Mundt,Todd,Mundt
19904,Xavier Munford,Xavier,Munford
19905,Chris Munk,Chris,Munk
19906,Eric Murdock,Eric,Murdock
19907,Gheorghe Muresan,Gheorghe,Muresan
19908,Erik Murphy,Erik,Murphy
19909,Jay Murphy,Jay,Murphy
19910,Kevin Murphy,Kevin,Murphy
19911,Ronnie Murphy,Ronnie,Murphy
19912,Tod Murphy,Tod,Murphy
19913,Troy Murphy,Troy,Murphy
19914,Dejounte Murray,Dejounte,Murray
19915,Jamal Murray,Jamal,Murray
19916,Lamond Murray,Lamond,Murray
19917,Ronald Murray,Ronald,Murray
19918,Tracy Murray,Tracy,Murray
19919,Toure' Murry,Toure',Murry
19920,Mike Muscala,Mike,Muscala
19921,Jerrod Mustaf,Jerrod,Mustaf
19922,Dikembe Mutombo,Dikembe,Mutombo
19923,Martin Muursepp,Martin,Muursepp
19924,Pete Myers,Pete,Myers
19925,Hamady N'Diaye,Hamady,N'Diaye
19926,Makhtar N'Diaye,Makhtar,N'Diaye
19927,Mamadou N'Diaye,Mamadou,N'Diaye
19928,Boniface N'Dong,Boniface,N'Dong
19929,Bostjan Nachbar,Bostjan,Nachbar
19930,Abdel Nader,Abdel,Nader
19931,Lee Nailon,Lee,Nailon
19932,Eduardo Najera,Eduardo,Najera
19933,Larry Nance,Larry,Nance
19934,Larry Nance,Larry,Nance
19935,Shabazz Napier,Shabazz,Napier
19936,Steve Nash,Steve,Nash
19937,Howard Nathan,Howard,Nathan
19938,Calvin Natt,Calvin,Natt
19939,Kenny Natt,Kenny,Natt
19940,Juan Carlos Navarro,Juan,Carlos Navarro
19941,Maurice Ndour,Maurice,Ndour
19942,Craig Neal,Craig,Neal
19943,Gary Neal,Gary,Neal
19944,Ed Nealy,Ed,Nealy
19945,Nemanja Nedovic,Nemanja,Nedovic
19946,DeMarcus Nelson,DeMarcus,Nelson
19947,Jameer Nelson,Jameer,Nelson
19948,Ruben Nembhard,Ruben,Nembhard
19949,Tyrone Nesby,Tyrone,Nesby
19950,Martin Nessley,Martin,Nessley
19951,Rasho Nesterovic,Rasho,Nesterovic
19952,Raul Neto,Raul,Neto
19953,Chuck Nevitt,Chuck,Nevitt
19954,Melvin Newbern,Melvin,Newbern
19955,Ivano Newbill,Ivano,Newbill
19956,Ira Newble,Ira,Newble
19957,Johnny Newman,Johnny,Newman
19958,Georges Niang,Georges,Niang
19959,Demetris Nichols,Demetris,Nichols
19960,Andrew Nicholson,Andrew,Nicholson
19961,Gaylon Nickerson,Gaylon,Nickerson
19962,Carl Nicks,Carl,Nicks
19963,Mike Niles,Mike,Niles
19964,Kurt Nimphius,Kurt,Nimphius
19965,Dyron Nix,Dyron,Nix
19966,Joakim Noah,Joakim,Noah
19967,Andres Nocioni,Andres,Nocioni
19968,David Noel,David,Noel
19969,Nerlens Noel,Nerlens,Noel
19970,Lucas Nogueira,Lucas,Nogueira
19971,Jeff Nordgaard,Jeff,Nordgaard
19972,Ken Norman,Ken,Norman
19973,Audie Norris,Audie,Norris
19974,Moochie Norris,Moochie,Norris
19975,Sylvester Norris,Sylvester,Norris
19976,Steve Novak,Steve,Novak
19977,Dirk Nowitzki,Dirk,Nowitzki
19978,Frank Ntilikina,Frank,Ntilikina
19979,James Nunnally,James,Nunnally
19980,Jusuf Nurkic,Jusuf,Nurkic
19981,Dennis Nutt,Dennis,Nutt
19982,David Nwaba,David,Nwaba
19983,Julius Nwosu,Julius,Nwosu
19984,Charles O'Bannon,Charles,O'Bannon
19985,Ed O'Bannon,Ed,O'Bannon
19986,J.J. O'Brien,J.J.,O'Brien
19987,Johnny O'Bryant,Johnny,O'Bryant
19988,Patrick O'Bryant,Patrick,O'Bryant
19989,Mike O'Koren,Mike,O'Koren
19990,Jermaine O'Neal,Jermaine,O'Neal
19991,Shaquille O'Neal,Shaquille,O'Neal
19992,Royce O'Neale,Royce,O'Neale
19993,Kyle O'Quinn,Kyle,O'Quinn
19994,Dan O'Sullivan,Dan,O'Sullivan
19995,Charles Oakley,Charles,Oakley
19996,Fabricio Oberto,Fabricio,Oberto
19997,Daniel Ochefu,Daniel,Ochefu
19998,Greg Oden,Greg,Oden
19999,Lamar Odom,Lamar,Odom
20000,Alan Ogg,Alan,Ogg
20001,Tim Ohlbrecht,Tim,Ohlbrecht
20002,Semi Ojeleye,Semi,Ojeleye
20003,Emeka Okafor,Emeka,Okafor
20004,Jahlil Okafor,Jahlil,Okafor
20005,Mehmet Okur,Mehmet,Okur
20006,Victor Oladipo,Victor,Oladipo
20007,Hakeem Olajuwon,Hakeem,Olajuwon
20008,Jawann Oldham,Jawann,Oldham
20009,Brian Oliver,Brian,Oliver
20010,Dean Oliver,Dean,Oliver
20011,Jimmy Oliver,Jimmy,Oliver
20012,Kevin Ollie,Kevin,Ollie
20013,Michael Olowokandi,Michael,Olowokandi
20014,Kelly Olynyk,Kelly,Olynyk
20015,Arinze Onuaku,Arinze,Onuaku
20016,Chinanu Onuaku,Chinanu,Onuaku
20017,Louis Orr,Louis,Orr
20018,Jose Ortiz,Jose,Ortiz
20019,Daniel Orton,Daniel,Orton
20020,Cedi Osman,Cedi,Osman
20021,Greg Ostertag,Greg,Ostertag
20022,Matt Othick,Matt,Othick
20023,Kelly Oubre,Kelly,Oubre
20024,Bo Outlaw,Bo,Outlaw
20025,Travis Outlaw,Travis,Outlaw
20026,Doug Overton,Doug,Overton
20027,Andre Owens,Andre,Owens
20028,Billy Owens,Billy,Owens
20029,Chris Owens,Chris,Owens
20030,Keith Owens,Keith,Owens
20031,Larry Owens,Larry,Owens
20032,Ray Owes,Ray,Owes
20033,Olumide Oyedeji,Olumide,Oyedeji
20034,Zaza Pachulia,Zaza,Pachulia
20035,Robert Pack,Robert,Pack
20036,Gerald Paddio,Gerald,Paddio
20037,Scott Padgett,Scott,Padgett
20038,Marcus Paige,Marcus,Paige
20039,Milt Palacio,Milt,Palacio
20040,Walter Palmer,Walter,Palmer
20041,Andy Panko,Andy,Panko
20042,Georgios Papagiannis,Georgios,Papagiannis
20043,Kostas Papanikolaou,Kostas,Papanikolaou
20044,Jannero Pargo,Jannero,Pargo
20045,Jeremy Pargo,Jeremy,Pargo
20046,Anthony Parker,Anthony,Parker
20047,Jabari Parker,Jabari,Parker
20048,Smush Parker,Smush,Parker
20049,Tony Parker,Tony,Parker
20050,Cherokee Parks,Cherokee,Parks
20051,Chandler Parsons,Chandler,Parsons
20052,Zarko Paspalj,Zarko,Paspalj
20053,Myles Patrick,Myles,Patrick
20054,Andrae Patterson,Andrae,Patterson
20055,Lamar Patterson,Lamar,Patterson
20056,Patrick Patterson,Patrick,Patterson
20057,Ruben Patterson,Ruben,Patterson
20058,Brandon Paul,Brandon,Paul
20059,Chris Paul,Chris,Paul
20060,Sasha Pavlovic,Sasha,Pavlovic
20061,Jim Paxson,Jim,Paxson
20062,John Paxson,John,Paxson
20063,Adreian Payne,Adreian,Payne
20064,Cameron Payne,Cameron,Payne
20065,Kenny Payne,Kenny,Payne
20066,Elfrid Payton,Elfrid,Payton
20067,Gary Payton,Gary,Payton
20068,Gary Payton,Gary,Payton
20069,Oleksiy Pecherov,Oleksiy,Pecherov
20070,Wiley Peck,Wiley,Peck
20071,Anthony Peeler,Anthony,Peeler
20072,Nikola Pekovic,Nikola,Pekovic
20073,Sam Pellom,Sam,Pellom
20074,Mike Penberthy,Mike,Penberthy
20075,Desmond Penigar,Desmond,Penigar
20076,Kirk Penney,Kirk,Penney
20077,Mike Peplowski,Mike,Peplowski
20078,Will Perdue,Will,Perdue
20079,Kendrick Perkins,Kendrick,Perkins
20080,Sam Perkins,Sam,Perkins
20081,Kosta Perovic,Kosta,Perovic
20082,London Perrantes,London,Perrantes
20083,Elliot Perry,Elliot,Perry
20084,Tim Perry,Tim,Perry
20085,Chuck Person,Chuck,Person
20086,Wesley Person,Wesley,Person
20087,Alec Peters,Alec,Peters
20088,Jim Petersen,Jim,Petersen
20089,Morris Peterson,Morris,Peterson
20090,Johan Petro,Johan,Petro
20091,Drazen Petrovic,Drazen,Petrovic
20092,Richard Petruska,Richard,Petruska
20093,Derrick Phelps,Derrick,Phelps
20094,Michael Phelps,Michael,Phelps
20095,Eddie Phillips,Eddie,Phillips
20096,Bobby Phills,Bobby,Phills
20097,Eric Piatkowski,Eric,Piatkowski
20098,Paul Pierce,Paul,Pierce
20099,Ricky Pierce,Ricky,Pierce
20100,Mickael Pietrus,Mickael,Pietrus
20101,Ed Pinckney,Ed,Pinckney
20102,Kevinn Pinkney,Kevinn,Pinkney
20103,John Pinone,John,Pinone
20104,Tom Piotrowski,Tom,Piotrowski
20105,Scottie Pippen,Scottie,Pippen
20106,Charles Pittman,Charles,Pittman
20107,Dexter Pittman,Dexter,Pittman
20108,Zoran Planinic,Zoran,Planinic
20109,Tibor Pleiss,Tibor,Pleiss
20110,Marshall Plumlee,Marshall,Plumlee
20111,Mason Plumlee,Mason,Plumlee
20112,Miles Plumlee,Miles,Plumlee
20113,Gary Plummer,Gary,Plummer
20114,Pavel Podkolzin,Pavel,Podkolzin
20115,Jakob Poeltl,Jakob,Poeltl
20116,Dwayne Polee,Dwayne,Polee
20117,Scot Pollard,Scot,Pollard
20118,Olden Polynice,Olden,Polynice
20119,Quincy Pondexter,Quincy,Pondexter
20120,David Pope,David,Pope
20121,Mark Pope,Mark,Pope
20122,Dave Popson,Dave,Popson
20123,Chris Porter,Chris,Porter
20124,Otto Porter,Otto,Porter
20125,Terry Porter,Terry,Porter
20126,Bobby Portis,Bobby,Portis
20127,Kristaps Porzingis,Kristaps,Porzingis
20128,James Posey,James,Posey
20129,Lavor Postell,Lavor,Postell
20130,Vitaly Potapenko,Vitaly,Potapenko
20131,Leon Powe,Leon,Powe
20132,Dwight Powell,Dwight,Powell
20133,Josh Powell,Josh,Powell
20134,Kasib Powell,Kasib,Powell
20135,Norman Powell,Norman,Powell
20136,Roger Powell,Roger,Powell
20137,Alex Poythress,Alex,Poythress
20138,Paul Pressey,Paul,Pressey
20139,Phil Pressey,Phil,Pressey
20140,Dominic Pressley,Dominic,Pressley
20141,Harold Pressley,Harold,Pressley
20142,A.J. Price,A.J.,Price
20143,Brent Price,Brent,Price
20144,Mark Price,Mark,Price
20145,Ronnie Price,Ronnie,Price
20146,Tony Price,Tony,Price
20147,Pablo Prigioni,Pablo,Prigioni
20148,Tayshaun Prince,Tayshaun,Prince
20149,Kevin Pritchard,Kevin,Pritchard
20150,Laron Profit,Laron,Profit
20151,Gabe Pruitt,Gabe,Pruitt
20152,Joel Przybilla,Joel,Przybilla
20153,Anthony Pullard,Anthony,Pullard
20154,Jacob Pullen,Jacob,Pullen
20155,Zhou Qi,Zhou,Qi
20156,Tim Quarterman,Tim,Quarterman
20157,Chris Quinn,Chris,Quinn
20158,Brian Quinnett,Brian,Quinnett
20159,Ivan Rabb,Ivan,Rabb
20160,Mark Radford,Mark,Radford
20161,Dino Radja,Dino,Radja
20162,Vladimir Radmanovic,Vladimir,Radmanovic
20163,Aleksandar Radojevic,Aleksandar,Radojevic
20164,Miroslav Raduljica,Miroslav,Raduljica
20165,Ed Rains,Ed,Rains
20166,Igor Rakocevic,Igor,Rakocevic
20167,Kurt Rambis,Kurt,Rambis
20168,Peter John Ramos,Peter,John Ramos
20169,Mark Randall,Mark,Randall
20170,Chasson Randle,Chasson,Randle
20171,Julius Randle,Julius,Randle
20172,Anthony Randolph,Anthony,Randolph
20173,Shavlik Randolph,Shavlik,Randolph
20174,Zach Randolph,Zach,Randolph
20175,Wally Rank,Wally,Rank
20176,Kelvin Ransey,Kelvin,Ransey
20177,Blair Rasmussen,Blair,Rasmussen
20178,Theo Ratliff,Theo,Ratliff
20179,Andy Rautins,Andy,Rautins
20180,Leo Rautins,Leo,Rautins
20181,Allan Ray,Allan,Ray
20182,James Ray,James,Ray
20183,Zeljko Rebraca,Zeljko,Rebraca
20184,Eldridge Recasner,Eldridge,Recasner
20185,Michael Redd,Michael,Redd
20186,J.J. Redick,J.J.,Redick
20187,Justin Reed,Justin,Reed
20188,Willie Reed,Willie,Reed
20189,Bryant Reeves,Bryant,Reeves
20190,Khalid Reeves,Khalid,Reeves
20191,Billy Reid,Billy,Reid
20192,Don Reid,Don,Reid
20193,J.R. Reid,J.R.,Reid
20194,Ryan Reid,Ryan,Reid
20195,Jared Reiner,Jared,Reiner
20196,Richard Rellford,Richard,Rellford
20197,Terrence Rencher,Terrence,Rencher
20198,Efthimi Rentzias,Efthimi,Rentzias
20199,Shawn Respert,Shawn,Respert
20200,Jerry Reynolds,Jerry,Reynolds
20201,Rodrick Rhodes,Rodrick,Rhodes
20202,Glen Rice,Glen,Rice
20203,Glen Rice,Glen,Rice
20204,Chris Richard,Chris,Richard
20205,Clint Richardson,Clint,Richardson
20206,Jason Richardson,Jason,Richardson
20207,Jeremy Richardson,Jeremy,Richardson
20208,Josh Richardson,Josh,Richardson
20209,Malachi Richardson,Malachi,Richardson
20210,Norm Richardson,Norm,Richardson
20211,Pooh Richardson,Pooh,Richardson
20212,Quentin Richardson,Quentin,Richardson
20213,Mitch Richmond,Mitch,Richmond
20214,Isaiah Rider,Isaiah,Rider
20215,Luke Ridnour,Luke,Ridnour
20216,Antoine Rigaudeau,Antoine,Rigaudeau
20217,Eric Riley,Eric,Riley
20218,Ramon Rivas,Ramon,Rivas
20219,Austin Rivers,Austin,Rivers
20220,David Rivers,David,Rivers
20221,Doc Rivers,Doc,Rivers
20222,Andre Roberson,Andre,Roberson
20223,Anthony Roberson,Anthony,Roberson
20224,Terrance Roberson,Terrance,Roberson
20225,Brian Roberts,Brian,Roberts
20226,Fred Roberts,Fred,Roberts
20227,Lawrence Roberts,Lawrence,Roberts
20228,Stanley Roberts,Stanley,Roberts
20229,Alvin Robertson,Alvin,Robertson
20230,Ryan Robertson,Ryan,Robertson
20231,Bernard Robinson,Bernard,Robinson
20232,Chris Robinson,Chris,Robinson
20233,Cliff Robinson,Cliff,Robinson
20234,Clifford Robinson,Clifford,Robinson
20235,David Robinson,David,Robinson
20236,Eddie Robinson,Eddie,Robinson
20237,Glenn Robinson,Glenn,Robinson
20238,Glenn Robinson,Glenn,Robinson
20239,Jamal Robinson,Jamal,Robinson
20240,James Robinson,James,Robinson
20241,Larry Robinson,Larry,Robinson
20242,Nate Robinson,Nate,Robinson
20243,Oliver Robinson,Oliver,Robinson
20244,Rumeal Robinson,Rumeal,Robinson
20245,Thomas Robinson,Thomas,Robinson
20246,Wayne Robinson,Wayne,Robinson
20247,Dennis Rodman,Dennis,Rodman
20248,Sergio Rodriguez,Sergio,Rodriguez
20249,Lou Roe,Lou,Roe
20250,Carlos Rogers,Carlos,Rogers
20251,Johnny Rogers,Johnny,Rogers
20252,Rodney Rogers,Rodney,Rogers
20253,Roy Rogers,Roy,Rogers
20254,Lorenzo Romar,Lorenzo,Romar
20255,Rajon Rondo,Rajon,Rondo
20256,Sean Rooks,Sean,Rooks
20257,Derrick Rose,Derrick,Rose
20258,Jalen Rose,Jalen,Rose
20259,Malik Rose,Malik,Rose
20260,Rob Rose,Rob,Rose
20261,Quinton Ross,Quinton,Ross
20262,Terrence Ross,Terrence,Ross
20263,Doug Roth,Doug,Roth
20264,Scott Roth,Scott,Roth
20265,Ron Rowan,Ron,Rowan
20266,Jim Rowinski,Jim,Rowinski
20267,Derrick Rowland,Derrick,Rowland
20268,Brian Rowsom,Brian,Rowsom
20269,Brandon Roy,Brandon,Roy
20270,Donald Royal,Donald,Royal
20271,Clifford Rozier,Clifford,Rozier
20272,Terry Rozier,Terry,Rozier
20273,Ricky Rubio,Ricky,Rubio
20274,Guy Rucker,Guy,Rucker
20275,Delaney Rudd,Delaney,Rudd
20276,Damjan Rudez,Damjan,Rudez
20277,Michael Ruffin,Michael,Ruffin
20278,Trevor Ruffin,Trevor,Ruffin
20279,Jeff Ruland,Jeff,Ruland
20280,Stefano Rusconi,Stefano,Rusconi
20281,Brandon Rush,Brandon,Rush
20282,Kareem Rush,Kareem,Rush
20283,Bryon Russell,Bryon,Russell
20284,D'Angelo Russell,D'Angelo,Russell
20285,Walker Russell,Walker,Russell
20286,Walker Russell,Walker,Russell
20287,Arvydas Sabonis,Arvydas,Sabonis
20288,Domantas Sabonis,Domantas,Sabonis
20289,Robert Sacre,Robert,Sacre
20290,John Salley,John,Salley
20291,John Salmons,John,Salmons
20292,Kevin Salvadori,Kevin,Salvadori
20293,Soumaila Samake,Soumaila,Samake
20294,Cheikh Samb,Cheikh,Samb
20295,JaKarr Sampson,JaKarr,Sampson
20296,Jamal Sampson,Jamal,Sampson
20297,Ralph Sampson,Ralph,Sampson
20298,Samardo Samuels,Samardo,Samuels
20299,Pepe Sanchez,Pepe,Sanchez
20300,Jeff Sanders,Jeff,Sanders
20301,Larry Sanders,Larry,Sanders
20302,Melvin Sanders,Melvin,Sanders
20303,Mike Sanders,Mike,Sanders
20304,Daniel Santiago,Daniel,Santiago
20305,Wayne Sappleton,Wayne,Sappleton
20306,Dario Saric,Dario,Saric
20307,Jason Sasser,Jason,Sasser
20308,Jeryl Sasser,Jeryl,Sasser
20309,Tomas Satoransky,Tomas,Satoransky
20310,Kenny Satterfield,Kenny,Satterfield
20311,Predrag Savovic,Predrag,Savovic
20312,Brian Scalabrine,Brian,Scalabrine
20313,Alex Scales,Alex,Scales
20314,DeWayne Scales,DeWayne,Scales
20315,Danny Schayes,Danny,Schayes
20316,Steve Scheffler,Steve,Scheffler
20317,Tom Scheffler,Tom,Scheffler
20318,Luke Schenscher,Luke,Schenscher
20319,Dwayne Schintzius,Dwayne,Schintzius
20320,Russ Schoene,Russ,Schoene
20321,Detlef Schrempf,Detlef,Schrempf
20322,Dennis Schroder,Dennis,Schroder
20323,John Schweitz,John,Schweitz
20324,Luis Scola,Luis,Scola
20325,Brent Scott,Brent,Scott
20326,Byron Scott,Byron,Scott
20327,Dennis Scott,Dennis,Scott
20328,James Scott,James,Scott
20329,Mike Scott,Mike,Scott
20330,Shawnelle Scott,Shawnelle,Scott
20331,Carey Scurry,Carey,Scurry
20332,Shea Seals,Shea,Seals
20333,Malik Sealy,Malik,Sealy
20334,Thabo Sefolosha,Thabo,Sefolosha
20335,Rony Seikaly,Rony,Seikaly
20336,Josh Selby,Josh,Selby
20337,Wayne Selden,Wayne,Selden
20338,Brad Sellers,Brad,Sellers
20339,Mouhamed Sene,Mouhamed,Sene
20340,Kevin Seraphin,Kevin,Seraphin
20341,Ansu Sesay,Ansu,Sesay
20342,Ramon Sessions,Ramon,Sessions
20343,Ha Seung-Jin,Ha,Seung-Jin
20344,Tom Sewell,Tom,Sewell
20345,Charles Shackleford,Charles,Shackleford
20346,Mustafa Shakur,Mustafa,Shakur
20347,God Shammgod,God,Shammgod
20348,Walter Sharpe,Walter,Sharpe
20349,John Shasky,John,Shasky
20350,Brian Shaw,Brian,Shaw
20351,Casey Shaw,Casey,Shaw
20352,Craig Shelton,Craig,Shelton
20353,Tornike Shengelia,Tornike,Shengelia
20354,Jeffrey Sheppard,Jeffrey,Sheppard
20355,Ed Sherod,Ed,Sherod
20356,Paul Shirley,Paul,Shirley
20357,Dexter Shouse,Dexter,Shouse
20358,Iman Shumpert,Iman,Shumpert
20359,Alexey Shved,Alexey,Shved
20360,Pascal Siakam,Pascal,Siakam
20361,Jerry Sichting,Jerry,Sichting
20362,Xavier Silas,Xavier,Silas
20363,Garret Siler,Garret,Siler
20364,Wayne Simien,Wayne,Simien
20365,Ben Simmons,Ben,Simmons
20366,Bobby Simmons,Bobby,Simmons
20367,Cedric Simmons,Cedric,Simmons
20368,Jonathon Simmons,Jonathon,Simmons
20369,Kobi Simmons,Kobi,Simmons
20370,Lionel Simmons,Lionel,Simmons
20371,Miles Simon,Miles,Simon
20372,Dickey Simpkins,Dickey,Simpkins
20373,Alvin Sims,Alvin,Sims
20374,Courtney Sims,Courtney,Sims
20375,Henry Sims,Henry,Sims
20376,Kyle Singler,Kyle,Singler
20377,Sean Singletary,Sean,Singletary
20378,Chris Singleton,Chris,Singleton
20379,James Singleton,James,Singleton
20380,McKinley Singleton,McKinley,Singleton
20381,Charlie Sitton,Charlie,Sitton
20382,Peyton Siva,Peyton,Siva
20383,Scott Skiles,Scott,Skiles
20384,Brian Skinner,Brian,Skinner
20385,Reggie Slater,Reggie,Slater
20386,Jose Slaughter,Jose,Slaughter
20387,Tamar Slay,Tamar,Slay
20388,Donald Sloan,Donald,Sloan
20389,Uros Slokar,Uros,Slokar
20390,Tom Sluby,Tom,Sluby
20391,Keith Smart,Keith,Smart
20392,Marcus Smart,Marcus,Smart
20393,Charles Smith,Charles,Smith
20394,Charles Smith,Charles,Smith
20395,Charles Smith,Charles,Smith
20396,Chris Smith,Chris,Smith
20397,Chris Smith,Chris,Smith
20398,Clinton Smith,Clinton,Smith
20399,Craig Smith,Craig,Smith
20400,Dennis Smith,Dennis,Smith
20401,Derek Smith,Derek,Smith
20402,Donta Smith,Donta,Smith
20403,Doug Smith,Doug,Smith
20404,Greg Smith,Greg,Smith
20405,Ish Smith,Ish,Smith
20406,J.R. Smith,J.R.,Smith
20407,Jabari Smith,Jabari,Smith
20408,Jason Smith,Jason,Smith
20409,Jerry Smith,Jerry,Smith
20410,Jim Smith,Jim,Smith
20411,Joe Smith,Joe,Smith
20412,Josh Smith,Josh,Smith
20413,Keith Smith,Keith,Smith
20414,Kenny Smith,Kenny,Smith
20415,LaBradford Smith,LaBradford,Smith
20416,Larry Smith,Larry,Smith
20417,Leon Smith,Leon,Smith
20418,Michael Smith,Michael,Smith
20419,Michael Smith,Michael,Smith
20420,Mike Smith,Mike,Smith
20421,Nolan Smith,Nolan,Smith
20422,Otis Smith,Otis,Smith
20423,Reggie Smith,Reggie,Smith
20424,Russ Smith,Russ,Smith
20425,Steve Smith,Steve,Smith
20426,Steven Smith,Steven,Smith
20427,Stevin Smith,Stevin,Smith
20428,Theron Smith,Theron,Smith
20429,Tony Smith,Tony,Smith
20430,Rik Smits,Rik,Smits
20431,Mike Smrek,Mike,Smrek
20432,Tony Snell,Tony,Snell
20433,Eric Snow,Eric,Snow
20434,Kirk Snyder,Kirk,Snyder
20435,Will Solomon,Will,Solomon
20436,Darius Songaila,Darius,Songaila
20437,James Southerland,James,Southerland
20438,Pape Sow,Pape,Sow
20439,Jim Spanarkel,Jim,Spanarkel
20440,Vassilis Spanoulis,Vassilis,Spanoulis
20441,Rory Sparrow,Rory,Sparrow
20442,Marreese Speights,Marreese,Speights
20443,Andre Spencer,Andre,Spencer
20444,Elmore Spencer,Elmore,Spencer
20445,Felton Spencer,Felton,Spencer
20446,Tiago Splitter,Tiago,Splitter
20447,Latrell Sprewell,Latrell,Sprewell
20448,Larry Spriggs,Larry,Spriggs
20449,Ryan Stack,Ryan,Stack
20450,Jerry Stackhouse,Jerry,Stackhouse
20451,Terence Stansbury,Terence,Stansbury
20452,John Starks,John,Starks
20453,Nik Stauskas,Nik,Stauskas
20454,Matt Steigenga,Matt,Steigenga
20455,Vladimir Stepania,Vladimir,Stepania
20456,D.J. Stephens,D.J.,Stephens
20457,Everette Stephens,Everette,Stephens
20458,Joe Stephens,Joe,Stephens
20459,Lance Stephenson,Lance,Stephenson
20460,Alex Stepheson,Alex,Stepheson
20461,Brook Steppe,Brook,Steppe
20462,Barry Stevens,Barry,Stevens
20463,DeShawn Stevenson,DeShawn,Stevenson
20464,Kebu Stewart,Kebu,Stewart
20465,Larry Stewart,Larry,Stewart
20466,Michael Stewart,Michael,Stewart
20467,Greg Stiemsma,Greg,Stiemsma
20468,Steve Stipanovich,Steve,Stipanovich
20469,Bryant Stith,Bryant,Stith
20470,Alex Stivrins,Alex,Stivrins
20471,David Stockton,David,Stockton
20472,John Stockton,John,Stockton
20473,Peja Stojakovic,Peja,Stojakovic
20474,Ed Stokes,Ed,Stokes
20475,Greg Stokes,Greg,Stokes
20476,Jarnell Stokes,Jarnell,Stokes
20477,Diamond Stone,Diamond,Stone
20478,Julyan Stone,Julyan,Stone
20479,Awvee Storey,Awvee,Storey
20480,Damon Stoudamire,Damon,Stoudamire
20481,Salim Stoudamire,Salim,Stoudamire
20482,Amar'e Stoudemire,Amar'e,Stoudemire
20483,D.J. Strawberry,D.J.,Strawberry
20484,Erick Strickland,Erick,Strickland
20485,Mark Strickland,Mark,Strickland
20486,Rod Strickland,Rod,Strickland
20487,John Stroeder,John,Stroeder
20488,Derek Strong,Derek,Strong
20489,Lamont Strothers,Lamont,Strothers
20490,John Stroud,John,Stroud
20491,Rodney Stuckey,Rodney,Stuckey
20492,Jared Sullinger,Jared,Sullinger
20493,DaJuan Summers,DaJuan,Summers
20494,Barry Sumpter,Barry,Sumpter
20495,Bruno Sundov,Bruno,Sundov
20496,Jon Sundvold,Jon,Sundvold
20497,Bob Sura,Bob,Sura
20498,Dane Suttle,Dane,Suttle
20499,Greg Sutton,Greg,Sutton
20500,Caleb Swanigan,Caleb,Swanigan
20501,Mike Sweetney,Mike,Sweetney
20502,Robert Swift,Robert,Swift
20503,Stromile Swift,Stromile,Swift
20504,Aaron Swinson,Aaron,Swinson
20505,Pape Sy,Pape,Sy
20506,Larry Sykes,Larry,Sykes
20507,Brett Szabo,Brett,Szabo
20508,Wally Szczerbiak,Wally,Szczerbiak
20509,Zan Tabak,Zan,Tabak
20510,Yuta Tabuse,Yuta,Tabuse
20511,Chris Taft,Chris,Taft
20512,Dragan Tarlac,Dragan,Tarlac
20513,Roy Tarpley,Roy,Tarpley
20514,Jayson Tatum,Jayson,Tatum
20515,Edy Tavares,Edy,Tavares
20516,Anthony Taylor,Anthony,Taylor
20517,Donell Taylor,Donell,Taylor
20518,Isaiah Taylor,Isaiah,Taylor
20519,Jay Taylor,Jay,Taylor
20520,Jeff Taylor,Jeff,Taylor
20521,Jeffery Taylor,Jeffery,Taylor
20522,Jermaine Taylor,Jermaine,Taylor
20523,Johnny Taylor,Johnny,Taylor
20524,Leonard Taylor,Leonard,Taylor
20525,Maurice Taylor,Maurice,Taylor
20526,Mike Taylor,Mike,Taylor
20527,Tyshawn Taylor,Tyshawn,Taylor
20528,Vince Taylor,Vince,Taylor
20529,Terry Teagle,Terry,Teagle
20530,Jeff Teague,Jeff,Teague
20531,Marquis Teague,Marquis,Teague
20532,Mirza Teletovic,Mirza,Teletovic
20533,Sebastian Telfair,Sebastian,Telfair
20534,Garrett Temple,Garrett,Temple
20535,Milos Teodosic,Milos,Teodosic
20536,Carlos Terry,Carlos,Terry
20537,Jason Terry,Jason,Terry
20538,Hasheem Thabeet,Hasheem,Thabeet
20539,Daniel Theis,Daniel,Theis
20540,Peter Thibeaux,Peter,Thibeaux
20541,David Thirdkill,David,Thirdkill
20542,Adonis Thomas,Adonis,Thomas
20543,Billy Thomas,Billy,Thomas
20544,Carl Thomas,Carl,Thomas
20545,Charles Thomas,Charles,Thomas
20546,Etan Thomas,Etan,Thomas
20547,Irving Thomas,Irving,Thomas
20548,Isaiah Thomas,Isaiah,Thomas
20549,Isiah Thomas,Isiah,Thomas
20550,Jamel Thomas,Jamel,Thomas
20551,James Thomas,James,Thomas
20552,Jim Thomas,Jim,Thomas
20553,John Thomas,John,Thomas
20554,Kenny Thomas,Kenny,Thomas
20555,Kurt Thomas,Kurt,Thomas
20556,Lance Thomas,Lance,Thomas
20557,Malcolm Thomas,Malcolm,Thomas
20558,Tim Thomas,Tim,Thomas
20559,Tyrus Thomas,Tyrus,Thomas
20560,Trey Thompkins,Trey,Thompkins
20561,Bernard Thompson,Bernard,Thompson
20562,Billy Thompson,Billy,Thompson
20563,Brooks Thompson,Brooks,Thompson
20564,Corny Thompson,Corny,Thompson
20565,Dijon Thompson,Dijon,Thompson
20566,Hollis Thompson,Hollis,Thompson
20567,Jason Thompson,Jason,Thompson
20568,Kevin Thompson,Kevin,Thompson
20569,Klay Thompson,Klay,Thompson
20570,LaSalle Thompson,LaSalle,Thompson
20571,Mychel Thompson,Mychel,Thompson
20572,Paul Thompson,Paul,Thompson
20573,Stephen Thompson,Stephen,Thompson
20574,Tristan Thompson,Tristan,Thompson
20575,Al Thornton,Al,Thornton
20576,Bob Thornton,Bob,Thornton
20577,Marcus Thornton,Marcus,Thornton
20578,Sindarius Thornwell,Sindarius,Thornwell
20579,Otis Thorpe,Otis,Thorpe
20580,Sedale Threatt,Sedale,Threatt
20581,Darren Tillis,Darren,Tillis
20582,Jamaal Tinsley,Jamaal,Tinsley
20583,Wayman Tisdale,Wayman,Tisdale
20584,Mike Tobey,Mike,Tobey
20585,Ray Tolbert,Ray,Tolbert
20586,Tom Tolbert,Tom,Tolbert
20587,Anthony Tolliver,Anthony,Tolliver
20588,Andrew Toney,Andrew,Toney
20589,Sedric Toney,Sedric,Toney
20590,Andy Toolson,Andy,Toolson
20591,Bernard Toone,Bernard,Toone
20592,Oscar Torres,Oscar,Torres
20593,Axel Toupane,Axel,Toupane
20594,Keith Tower,Keith,Tower
20595,Linton Townes,Linton,Townes
20596,Karl-Anthony Towns,Karl-Anthony,Towns
20597,Robert Traylor,Robert,Traylor
20598,Gary Trent,Gary,Trent
20599,Jeff Trepagnier,Jeff,Trepagnier
20600,Kelly Tripucka,Kelly,Tripucka
20601,Cezary Trybanski,Cezary,Trybanski
20602,Jake Tsakalidis,Jake,Tsakalidis
20603,Nikoloz Tskitishvili,Nikoloz,Tskitishvili
20604,Alando Tucker,Alando,Tucker
20605,Anthony Tucker,Anthony,Tucker
20606,P.J. Tucker,P.J.,Tucker
20607,Trent Tucker,Trent,Tucker
20608,Ronny Turiaf,Ronny,Turiaf
20609,Mirsad Turkcan,Mirsad,Turkcan
20610,Hedo Turkoglu,Hedo,Turkoglu
20611,Andre Turner,Andre,Turner
20612,Elston Turner,Elston,Turner
20613,Evan Turner,Evan,Turner
20614,Henry Turner,Henry,Turner
20615,Jeff Turner,Jeff,Turner
20616,John Turner,John,Turner
20617,Myles Turner,Myles,Turner
20618,Wayne Turner,Wayne,Turner
20619,Melvin Turpin,Melvin,Turpin
20620,B.J. Tyler,B.J.,Tyler
20621,Jeremy Tyler,Jeremy,Tyler
20622,Edwin Ubiles,Edwin,Ubiles
20623,Ekpe Udoh,Ekpe,Udoh
20624,Ime Udoka,Ime,Udoka
20625,Beno Udrih,Beno,Udrih
20626,Roko Ukic,Roko,Ukic
20627,Tyler Ulis,Tyler,Ulis
20628,Kelvin Upshaw,Kelvin,Upshaw
20629,Jarrod Uthoff,Jarrod,Uthoff
20630,Ben Uzoh,Ben,Uzoh
20631,Jonas Valanciunas,Jonas,Valanciunas
20632,Darnell Valentine,Darnell,Valentine
20633,Denzel Valentine,Denzel,Valentine
20634,Ronnie Valentine,Ronnie,Valentine
20635,Nick Van Exel,Nick,Van Exel
20636,Keith Van Horn,Keith,Van Horn
20637,Logan Vander Velden,Logan,Vander Velden
20638,Kiki Vandeweghe,Kiki,Vandeweghe
20639,Nick Vanos,Nick,Vanos
20640,David Vanterpool,David,Vanterpool
20641,Fred VanVleet,Fred,VanVleet
20642,Ratko Varda,Ratko,Varda
20643,Anderson Varejao,Anderson,Varejao
20644,Jarvis Varnado,Jarvis,Varnado
20645,Greivis Vasquez,Greivis,Vasquez
20646,David Vaughn,David,Vaughn
20647,Jacque Vaughn,Jacque,Vaughn
20648,Rashad Vaughn,Rashad,Vaughn
20649,Loy Vaught,Loy,Vaught
20650,Pete Verhoeven,Pete,Verhoeven
20651,Jan Vesely,Jan,Vesely
20652,Gundars Vetra,Gundars,Vetra
20653,Joao Vianna,Joao,Vianna
20654,Charlie Villanueva,Charlie,Villanueva
20655,Jay Vincent,Jay,Vincent
20656,Sam Vincent,Sam,Vincent
20657,Marcus Vinicius,Marcus,Vinicius
20658,Fred Vinson,Fred,Vinson
20659,Gary Voce,Gary,Voce
20660,Alexander Volkov,Alexander,Volkov
20661,Noah Vonleh,Noah,Vonleh
20662,Jake Voskuhl,Jake,Voskuhl
20663,Danny Vranes,Danny,Vranes
20664,Slavko Vranes,Slavko,Vranes
20665,Stojko Vrankovic,Stojko,Vrankovic
20666,Brett Vroman,Brett,Vroman
20667,Jackson Vroman,Jackson,Vroman
20668,Nikola Vucevic,Nikola,Vucevic
20669,Sasha Vujacic,Sasha,Vujacic
20670,Dwyane Wade,Dwyane,Wade
20671,Mark Wade,Mark,Wade
20672,Von Wafer,Von,Wafer
20673,Dajuan Wagner,Dajuan,Wagner
20674,Milt Wagner,Milt,Wagner
20675,Dion Waiters,Dion,Waiters
20676,Granville Waiters,Granville,Waiters
20677,Antoine Walker,Antoine,Walker
20678,Darrell Walker,Darrell,Walker
20679,Henry Walker,Henry,Walker
20680,Kemba Walker,Kemba,Walker
20681,Kenny Walker,Kenny,Walker
20682,Samaki Walker,Samaki,Walker
20683,John Wall,John,Wall
20684,Ben Wallace,Ben,Wallace
20685,Gerald Wallace,Gerald,Wallace
20686,John Wallace,John,Wallace
20687,Rasheed Wallace,Rasheed,Wallace
20688,Jamie Waller,Jamie,Waller
20689,Taurean Waller-Prince,Taurean,Waller-Prince
20690,Matt Walsh,Matt,Walsh
20691,Rex Walters,Rex,Walters
20692,Derrick Walton,Derrick,Walton
20693,Luke Walton,Luke,Walton
20694,Charlie Ward,Charlie,Ward
20695,Casper Ware,Casper,Ware
20696,T.J. Warren,T.J.,Warren
20697,Willie Warren,Willie,Warren
20698,Bryan Warrick,Bryan,Warrick
20699,Hakim Warrick,Hakim,Warrick
20700,Chris Washburn,Chris,Washburn
20701,Darius Washington,Darius,Washington
20702,Duane Washington,Duane,Washington
20703,Eric Washington,Eric,Washington
20704,Pearl Washington,Pearl,Washington
20705,Darryl Watkins,Darryl,Watkins
20706,C.J. Watson,C.J.,Watson
20707,Earl Watson,Earl,Watson
20708,Jamie Watson,Jamie,Watson
20709,Maalik Wayns,Maalik,Wayns
20710,David Wear,David,Wear
20711,Travis Wear,Travis,Wear
20712,Clarence Weatherspoon,Clarence,Weatherspoon
20713,Kyle Weaver,Kyle,Weaver
20714,Marcus Webb,Marcus,Webb
20715,Spud Webb,Spud,Webb
20716,Chris Webber,Chris,Webber
20717,Briante Weber,Briante,Weber
20718,Jeff Webster,Jeff,Webster
20719,Martell Webster,Martell,Webster
20720,Sonny Weems,Sonny,Weems
20721,Brant Weidner,Brant,Weidner
20722,Bonzi Wells,Bonzi,Wells
20723,Bubba Wells,Bubba,Wells
20724,Chris Welp,Chris,Welp
20725,Jiri Welsch,Jiri,Welsch
20726,Bill Wennington,Bill,Wennington
20727,Matt Wenstrom,Matt,Wenstrom
20728,Robert Werdann,Robert,Werdann
20729,David Wesley,David,Wesley
20730,David West,David,West
20731,Delonte West,Delonte,West
20732,Doug West,Doug,West
20733,Mario West,Mario,West
20734,Mark West,Mark,West
20735,Russell Westbrook,Russell,Westbrook
20736,Robert Whaley,Robert,Whaley
20737,Ennis Whatley,Ennis,Whatley
20738,DeJuan Wheat,DeJuan,Wheat
20739,Clinton Wheeler,Clinton,Wheeler
20740,Tyson Wheeler,Tyson,Wheeler
20741,D.J. White,D.J.,White
20742,Derrick White,Derrick,White
20743,Eric White,Eric,White
20744,Jahidi White,Jahidi,White
20745,James White,James,White
20746,Okaro White,Okaro,White
20747,Randy White,Randy,White
20748,Rodney White,Rodney,White
20749,Rory White,Rory,White
20750,Royce White,Royce,White
20751,Tony White,Tony,White
20752,Willie White,Willie,White
20753,Isaiah Whitehead,Isaiah,Whitehead
20754,Donald Whiteside,Donald,Whiteside
20755,Hassan Whiteside,Hassan,Whiteside
20756,Dwayne Whitfield,Dwayne,Whitfield
20757,Chris Whitney,Chris,Whitney
20758,Hawkeye Whitney,Hawkeye,Whitney
20759,Shayne Whittington,Shayne,Whittington
20760,Andrew Wiggins,Andrew,Wiggins
20761,Mitchell Wiggins,Mitchell,Wiggins
20762,C.J. Wilcox,C.J.,Wilcox
20763,Chris Wilcox,Chris,Wilcox
20764,Jacob Wiley,Jacob,Wiley
20765,Michael Wiley,Michael,Wiley
20766,Morlon Wiley,Morlon,Wiley
20767,James Wilkes,James,Wilkes
20768,Damien Wilkins,Damien,Wilkins
20769,Dominique Wilkins,Dominique,Wilkins
20770,Eddie Lee Wilkins,Eddie,Lee Wilkins
20771,Gerald Wilkins,Gerald,Wilkins
20772,Jeff Wilkins,Jeff,Wilkins
20773,Dale Wilkinson,Dale,Wilkinson
20774,Mike Wilks,Mike,Wilks
20775,Aaron Williams,Aaron,Williams
20776,Alan Williams,Alan,Williams
20777,Alvin Williams,Alvin,Williams
20778,Brandon Williams,Brandon,Williams
20779,Buck Williams,Buck,Williams
20780,C.J. Williams,C.J.,Williams
20781,Corey Williams,Corey,Williams
20782,Deron Williams,Deron,Williams
20783,Derrick Williams,Derrick,Williams
20784,Duck Williams,Duck,Williams
20785,Elliot Williams,Elliot,Williams
20786,Eric Williams,Eric,Williams
20787,Frank Williams,Frank,Williams
20788,Guy Williams,Guy,Williams
20789,Herb Williams,Herb,Williams
20790,Hot Rod Williams,Hot,Rod Williams
20791,Jason Williams,Jason,Williams
20792,Jawad Williams,Jawad,Williams
20793,Jay Williams,Jay,Williams
20794,Jayson Williams,Jayson,Williams
20795,Jerome Williams,Jerome,Williams
20796,John Williams,John,Williams
20797,Jordan Williams,Jordan,Williams
20798,Justin Williams,Justin,Williams
20799,Kenny Williams,Kenny,Williams
20800,Kevin Williams,Kevin,Williams
20801,Lorenzo Williams,Lorenzo,Williams
20802,Lou Williams,Lou,Williams
20803,Marcus Williams,Marcus,Williams
20804,Marcus Williams,Marcus,Williams
20805,Marvin Williams,Marvin,Williams
20806,Matt Williams,Matt,Williams
20807,Micheal Williams,Micheal,Williams
20808,Mike Williams,Mike,Williams
20809,Mo Williams,Mo,Williams
20810,Monty Williams,Monty,Williams
20811,Pete Williams,Pete,Williams
20812,Reggie Williams,Reggie,Williams
20813,Reggie Williams,Reggie,Williams
20814,Rickey Williams,Rickey,Williams
20815,Rob Williams,Rob,Williams
20816,Sam Williams,Sam,Williams
20817,Scott Williams,Scott,Williams
20818,Sean Williams,Sean,Williams
20819,Shammond Williams,Shammond,Williams
20820,Shawne Williams,Shawne,Williams
20821,Shelden Williams,Shelden,Williams
20822,Sly Williams,Sly,Williams
20823,Terrence Williams,Terrence,Williams
20824,Travis Williams,Travis,Williams
20825,Troy Williams,Troy,Williams
20826,Walt Williams,Walt,Williams
20827,Corliss Williamson,Corliss,Williamson
20828,Kevin Willis,Kevin,Willis
20829,Dedric Willoughby,Dedric,Willoughby
20830,Bubba Wilson,Bubba,Wilson
20831,D.J. Wilson,D.J.,Wilson
20832,Jamil Wilson,Jamil,Wilson
20833,Michael Wilson,Michael,Wilson
20834,Nikita Wilson,Nikita,Wilson
20835,Othell Wilson,Othell,Wilson
20836,Ricky Wilson,Ricky,Wilson
20837,Trevor Wilson,Trevor,Wilson
20838,Kyle Wiltjer,Kyle,Wiltjer
20839,Kennard Winchester,Kennard,Winchester
20840,David Wingate,David,Wingate
20841,Dontonio Wingfield,Dontonio,Wingfield
20842,Justise Winslow,Justise,Winslow
20843,Rickie Winslow,Rickie,Winslow
20844,Trevor Winter,Trevor,Winter
20845,Voise Winters,Voise,Winters
20846,Jeff Withey,Jeff,Withey
20847,Randy Wittman,Randy,Wittman
20848,Garry Witts,Garry,Witts
20849,Joe Wolf,Joe,Wolf
20850,Ruben Wolkowyski,Ruben,Wolkowyski
20851,Nate Wolters,Nate,Wolters
20852,Al Wood,Al,Wood
20853,Christian Wood,Christian,Wood
20854,David Wood,David,Wood
20855,Howard Wood,Howard,Wood
20856,Leon Wood,Leon,Wood
20857,Loren Woods,Loren,Woods
20858,Qyntel Woods,Qyntel,Woods
20859,Randy Woods,Randy,Woods
20860,Mike Woodson,Mike,Woodson
20861,Orlando Woolridge,Orlando,Woolridge
20862,Haywoode Workman,Haywoode,Workman
20863,Metta World Peace,Metta,World Peace
20864,Sam Worthen,Sam,Worthen
20865,James Worthy,James,Worthy
20866,Antoine Wright,Antoine,Wright
20867,Bracey Wright,Bracey,Wright
20868,Brad Wright,Brad,Wright
20869,Brandan Wright,Brandan,Wright
20870,Chris Wright,Chris,Wright
20871,Chris Wright,Chris,Wright
20872,Delon Wright,Delon,Wright
20873,Dorell Wright,Dorell,Wright
20874,Howard Wright,Howard,Wright
20875,Julian Wright,Julian,Wright
20876,Lorenzen Wright,Lorenzen,Wright
20877,Luther Wright,Luther,Wright
20878,Sharone Wright,Sharone,Wright
20879,Tony Wroten,Tony,Wroten
20880,A.J. Wynder,A.J.,Wynder
20881,Guerschon Yabusele,Guerschon,Yabusele
20882,Vincent Yarbrough,Vincent,Yarbrough
20883,Rich Yonakor,Rich,Yonakor
20884,Danny Young,Danny,Young
20885,James Young,James,Young
20886,Joe Young,Joe,Young
20887,Korleone Young,Korleone,Young
20888,Michael Young,Michael,Young
20889,Nick Young,Nick,Young
20890,Perry Young,Perry,Young
20891,Sam Young,Sam,Young
20892,Thaddeus Young,Thaddeus,Young
20893,Tim Young,Tim,Young
20894,Sun Yue,Sun,Yue
20895,Cody Zeller,Cody,Zeller
20896,Luke Zeller,Luke,Zeller
20897,Tyler Zeller,Tyler,Zeller
20898,Tony Zeno,Tony,Zeno
20899,Phil Zevenbergen,Phil,Zevenbergen
20900,Wang Zhizhi,Wang,Zhizhi
20901,George Zidek,George,Zidek
20902,Derrick Zimmerman,Derrick,Zimmerman
20903,Stephen Zimmerman,Stephen,Zimmerman
20904,Paul Zipser,Paul,Zipser
20905,Ante Zizic,Ante,Zizic
20906,Jim Zoet,Jim,Zoet
20907,Ivica Zubac,Ivica,Zubac
